t2sw,lab
/home/sn21/localiser/carp-firstdynamic/CARP0003_2101_T2ME_corSENSE.e01_tmpt1.nii.gz,/home/sn21/localiser/carp-groundtruth/CARP0003_2101_T2ME_corSENSE_seg.nii.gz
/home/sn21/localiser/carp-firstdynamic/CARP0003_2101_T2ME_corSENSE.e02_tmpt1.nii.gz,/home/sn21/localiser/carp-groundtruth/CARP0003_2101_T2ME_corSENSE_seg.nii.gz
/home/sn21/localiser/carp-firstdynamic/CARP0003_2101_T2ME_corSENSE.e03_tmpt1.nii.gz,/home/sn21/localiser/carp-groundtruth/CARP0003_2101_T2ME_corSENSE_seg.nii.gz
/home/sn21/localiser/carp-firstdynamic/CARP0004_401_T2ME_corSENSE.e01_tmpt1.nii.gz,/home/sn21/localiser/carp-groundtruth/CARP0004_401_T2ME_corSENSE_seg.nii.gz
/home/sn21/localiser/carp-firstdynamic/CARP0004_401_T2ME_corSENSE.e02_tmpt1.nii.gz,/home/sn21/localiser/carp-groundtruth/CARP0004_401_T2ME_corSENSE_seg.nii.gz
/home/sn21/localiser/carp-firstdynamic/CARP0004_401_T2ME_corSENSE.e03_tmpt1.nii.gz,/home/sn21/localiser/carp-groundtruth/CARP0004_401_T2ME_corSENSE_seg.nii.gz
/home/sn21/localiser/carp-firstdynamic/CARP0005_1901_T2ME_corSENSE.e01_tmpt1.nii.gz,/home/sn21/localiser/carp-groundtruth/CARP0005_1901_T2ME_corSENSE_seg.nii.gz
/home/sn21/localiser/carp-firstdynamic/CARP0005_1901_T2ME_corSENSE.e02_tmpt1.nii.gz,/home/sn21/localiser/carp-groundtruth/CARP0005_1901_T2ME_corSENSE_seg.nii.gz
/home/sn21/localiser/carp-firstdynamic/CARP0005_1901_T2ME_corSENSE.e03_tmpt1.nii.gz,/home/sn21/localiser/carp-groundtruth/CARP0005_1901_T2ME_corSENSE_seg.nii.gz
/home/sn21/localiser/carp-firstdynamic/CARP0006_301_T2ME_corSENSE.e01_tmpt1.nii.gz,/home/sn21/localiser/carp-groundtruth/CARP0006_301_T2ME_corSENSE_seg.nii.gz
/home/sn21/localiser/carp-firstdynamic/CARP0006_301_T2ME_corSENSE.e02_tmpt1.nii.gz,/home/sn21/localiser/carp-groundtruth/CARP0006_301_T2ME_corSENSE_seg.nii.gz
/home/sn21/localiser/carp-firstdynamic/CARP0006_301_T2ME_corSENSE.e03_tmpt1.nii.gz,/home/sn21/localiser/carp-groundtruth/CARP0006_301_T2ME_corSENSE_seg.nii.gz
/home/sn21/localiser/carp-firstdynamic/CARP0007_2001_T2ME_corSENSE.e01_tmpt1.nii.gz,/home/sn21/localiser/carp-groundtruth/CARP0007_2001_T2ME_corSENSE_tmpt1_seg.nii.gz
/home/sn21/localiser/carp-firstdynamic/CARP0007_2001_T2ME_corSENSE.e02_tmpt1.nii.gz,/home/sn21/localiser/carp-groundtruth/CARP0007_2001_T2ME_corSENSE_tmpt1_seg.nii.gz
/home/sn21/localiser/carp-firstdynamic/CARP0007_2001_T2ME_corSENSE.e03_tmpt1.nii.gz,/home/sn21/localiser/carp-groundtruth/CARP0007_2001_T2ME_corSENSE_tmpt1_seg.nii.gz
/home/sn21/localiser/carp-firstdynamic/CARP0009_2101_T2ME_corSENSE.e01_tmpt1.nii.gz,/home/sn21/localiser/carp-groundtruth/CARP0009_2101_T2ME_corSENSE_seg.nii.gz
/home/sn21/localiser/carp-firstdynamic/CARP0009_2101_T2ME_corSENSE.e02_tmpt1.nii.gz,/home/sn21/localiser/carp-groundtruth/CARP0009_2101_T2ME_corSENSE_seg.nii.gz
/home/sn21/localiser/carp-firstdynamic/CARP0009_2101_T2ME_corSENSE.e03_tmpt1.nii.gz,/home/sn21/localiser/carp-groundtruth/CARP0009_2101_T2ME_corSENSE_seg.nii.gz
/home/sn21/localiser/carp-firstdynamic/CARP0009_2901_T2ME_corSENSE.e01_tmpt1.nii.gz,/home/sn21/localiser/carp-groundtruth/CARP0009_2901_T2ME_corSENSE_seg.nii.gz
/home/sn21/localiser/carp-firstdynamic/CARP0009_2901_T2ME_corSENSE.e02_tmpt1.nii.gz,/home/sn21/localiser/carp-groundtruth/CARP0009_2901_T2ME_corSENSE_seg.nii.gz
/home/sn21/localiser/carp-firstdynamic/CARP0009_2901_T2ME_corSENSE.e03_tmpt1.nii.gz,/home/sn21/localiser/carp-groundtruth/CARP0009_2901_T2ME_corSENSE_seg.nii.gz
/home/sn21/localiser/carp-firstdynamic/CARP0010_1101_T2ME_corSENSE.e01_tmpt1.nii.gz,/home/sn21/localiser/carp-groundtruth/CARP0010_1101_T2ME_corSENSE_seg.nii.gz
/home/sn21/localiser/carp-firstdynamic/CARP0010_1101_T2ME_corSENSE.e02_tmpt1.nii.gz,/home/sn21/localiser/carp-groundtruth/CARP0010_1101_T2ME_corSENSE_seg.nii.gz
/home/sn21/localiser/carp-firstdynamic/CARP0010_1101_T2ME_corSENSE.e03_tmpt1.nii.gz,/home/sn21/localiser/carp-groundtruth/CARP0010_1101_T2ME_corSENSE_seg.nii.gz
/home/sn21/localiser/carp-firstdynamic/CARP0010_401_T2ME_corSENSE.e01_tmpt1.nii.gz,/home/sn21/localiser/carp-groundtruth/CARP0010_401_T2ME_corSENSE_tmpt1_seg.nii.gz
/home/sn21/localiser/carp-firstdynamic/CARP0010_401_T2ME_corSENSE.e02_tmpt1.nii.gz,/home/sn21/localiser/carp-groundtruth/CARP0010_401_T2ME_corSENSE_tmpt1_seg.nii.gz
/home/sn21/localiser/carp-firstdynamic/CARP0010_401_T2ME_corSENSE.e03_tmpt1.nii.gz,/home/sn21/localiser/carp-groundtruth/CARP0010_401_T2ME_corSENSE_tmpt1_seg.nii.gz
/home/sn21/localiser/carp-firstdynamic/CARP0011_1901_T2ME_corSENSE.e01_tmpt1.nii.gz,/home/sn21/localiser/carp-groundtruth/CARP0011_1901_T2ME_corSENSE_seg.nii.gz
/home/sn21/localiser/carp-firstdynamic/CARP0011_1901_T2ME_corSENSE.e02_tmpt1.nii.gz,/home/sn21/localiser/carp-groundtruth/CARP0011_1901_T2ME_corSENSE_seg.nii.gz
/home/sn21/localiser/carp-firstdynamic/CARP0011_1901_T2ME_corSENSE.e03_tmpt1.nii.gz,/home/sn21/localiser/carp-groundtruth/CARP0011_1901_T2ME_corSENSE_seg.nii.gz
/home/sn21/localiser/carp-firstdynamic/CARP0011_2601_T2ME_corSENSE.e01_tmpt1.nii.gz,/home/sn21/localiser/carp-groundtruth/CARP0011_2601_T2ME_corSENSE_seg.nii.gz
/home/sn21/localiser/carp-firstdynamic/CARP0011_2601_T2ME_corSENSE.e02_tmpt1.nii.gz,/home/sn21/localiser/carp-groundtruth/CARP0011_2601_T2ME_corSENSE_seg.nii.gz
/home/sn21/localiser/carp-firstdynamic/CARP0011_2601_T2ME_corSENSE.e03_tmpt1.nii.gz,/home/sn21/localiser/carp-groundtruth/CARP0011_2601_T2ME_corSENSE_seg.nii.gz
/home/sn21/localiser/carp-firstdynamic/CARP0012_1101_T2ME_corSENSE.e01_tmpt1.nii.gz,/home/sn21/localiser/carp-groundtruth/CARP0012_1101_T2ME_corSENSE_seg.nii.gz
/home/sn21/localiser/carp-firstdynamic/CARP0012_1101_T2ME_corSENSE.e02_tmpt1.nii.gz,/home/sn21/localiser/carp-groundtruth/CARP0012_1101_T2ME_corSENSE_seg.nii.gz
/home/sn21/localiser/carp-firstdynamic/CARP0012_1101_T2ME_corSENSE.e03_tmpt1.nii.gz,/home/sn21/localiser/carp-groundtruth/CARP0012_1101_T2ME_corSENSE_seg.nii.gz
/home/sn21/localiser/carp-firstdynamic/CARP0012_401_T2ME_corSENSE.e01_tmpt1.nii.gz,/home/sn21/localiser/carp-firstdynamic/CARP0012_401_T2ME_corSENSE_seg.nii.gz
/home/sn21/localiser/carp-firstdynamic/CARP0012_401_T2ME_corSENSE.e02_tmpt1.nii.gz,/home/sn21/localiser/carp-firstdynamic/CARP0012_401_T2ME_corSENSE_seg.nii.gz
/home/sn21/localiser/carp-firstdynamic/CARP0012_401_T2ME_corSENSE.e03_tmpt1.nii.gz,/home/sn21/localiser/carp-firstdynamic/CARP0012_401_T2ME_corSENSE_seg.nii.gz
/home/sn21/localiser/carp-firstdynamic/CARP0015_1801_T2ME_corSENSE.e01_tmpt1.nii.gz,/home/sn21/localiser/carp-groundtruth/CARP0015_1801_T2ME_corSENSE_seg.nii.gz
/home/sn21/localiser/carp-firstdynamic/CARP0015_1801_T2ME_corSENSE.e02_tmpt1.nii.gz,/home/sn21/localiser/carp-groundtruth/CARP0015_1801_T2ME_corSENSE_seg.nii.gz
/home/sn21/localiser/carp-firstdynamic/CARP0015_1801_T2ME_corSENSE.e03_tmpt1.nii.gz,/home/sn21/localiser/carp-groundtruth/CARP0015_1801_T2ME_corSENSE_seg.nii.gz
/home/sn21/localiser/carp-firstdynamic/CARP0015_2501_T2ME_corSENSE.e01_tmpt1.nii.gz,/home/sn21/localiser/carp-groundtruth/CARP0015_2501_T2ME_corSENSE_seg.nii.gz
/home/sn21/localiser/carp-firstdynamic/CARP0015_2501_T2ME_corSENSE.e02_tmpt1.nii.gz,/home/sn21/localiser/carp-groundtruth/CARP0015_2501_T2ME_corSENSE_seg.nii.gz
/home/sn21/localiser/carp-firstdynamic/CARP0015_2501_T2ME_corSENSE.e03_tmpt1.nii.gz,/home/sn21/localiser/carp-groundtruth/CARP0015_2501_T2ME_corSENSE_seg.nii.gz
/home/sn21/localiser/carp-firstdynamic/CARP0016_1101_T2ME_corSENSE.e01_tmpt1.nii.gz,/home/sn21/localiser/carp-groundtruth/CARP0016_1101_T2ME_corSENSE_seg.nii.gz
/home/sn21/localiser/carp-firstdynamic/CARP0016_1101_T2ME_corSENSE.e02_tmpt1.nii.gz,/home/sn21/localiser/carp-groundtruth/CARP0016_1101_T2ME_corSENSE_seg.nii.gz
/home/sn21/localiser/carp-firstdynamic/CARP0016_1101_T2ME_corSENSE.e03_tmpt1.nii.gz,/home/sn21/localiser/carp-groundtruth/CARP0016_1101_T2ME_corSENSE_seg.nii.gz
/home/sn21/localiser/carp-firstdynamic/CARP0016_401_T2ME_corSENSE.e01_tmpt1.nii.gz,/home/sn21/localiser/carp-groundtruth/CARP0016_401_T2ME_corSENSE_tmpt1_seg.nii.gz
/home/sn21/localiser/carp-firstdynamic/CARP0016_401_T2ME_corSENSE.e02_tmpt1.nii.gz,/home/sn21/localiser/carp-groundtruth/CARP0016_401_T2ME_corSENSE_tmpt1_seg.nii.gz
/home/sn21/localiser/carp-firstdynamic/CARP0016_401_T2ME_corSENSE.e03_tmpt1.nii.gz,/home/sn21/localiser/carp-groundtruth/CARP0016_401_T2ME_corSENSE_tmpt1_seg.nii.gz
/home/sn21/localiser/carp-firstdynamic/CARP0017_1901_T2ME_corSENSE.e01_tmpt1.nii.gz,/home/sn21/localiser/carp-groundtruth/CARP0017_1901_T2ME_corSENSE_tmpt1_seg.nii.gz
/home/sn21/localiser/carp-firstdynamic/CARP0017_1901_T2ME_corSENSE.e02_tmpt1.nii.gz,/home/sn21/localiser/carp-groundtruth/CARP0017_1901_T2ME_corSENSE_tmpt1_seg.nii.gz
/home/sn21/localiser/carp-firstdynamic/CARP0017_1901_T2ME_corSENSE.e03_tmpt1.nii.gz,/home/sn21/localiser/carp-groundtruth/CARP0017_1901_T2ME_corSENSE_tmpt1_seg.nii.gz
/home/sn21/localiser/carp-firstdynamic/CARP0017_2601_T2ME_corSENSE.e01_tmpt1.nii.gz,/home/sn21/localiser/carp-groundtruth/CARP0017_2601_T2ME_corSENSE_seg.nii.gz
/home/sn21/localiser/carp-firstdynamic/CARP0017_2601_T2ME_corSENSE.e02_tmpt1.nii.gz,/home/sn21/localiser/carp-groundtruth/CARP0017_2601_T2ME_corSENSE_seg.nii.gz
/home/sn21/localiser/carp-firstdynamic/CARP0017_2601_T2ME_corSENSE.e03_tmpt1.nii.gz,/home/sn21/localiser/carp-groundtruth/CARP0017_2601_T2ME_corSENSE_seg.nii.gz
/home/sn21/localiser/carp-firstdynamic/CARP0018_1001_T2ME_corSENSE.e01_tmpt1.nii.gz,/home/sn21/localiser/carp-groundtruth/CARP0018_1001_T2ME_corSENSE_seg.nii.gz
/home/sn21/localiser/carp-firstdynamic/CARP0018_1001_T2ME_corSENSE.e02_tmpt1.nii.gz,/home/sn21/localiser/carp-groundtruth/CARP0018_1001_T2ME_corSENSE_seg.nii.gz
/home/sn21/localiser/carp-firstdynamic/CARP0018_1001_T2ME_corSENSE.e03_tmpt1.nii.gz,/home/sn21/localiser/carp-groundtruth/CARP0018_1001_T2ME_corSENSE_seg.nii.gz
/home/sn21/localiser/carp-firstdynamic/CARP0018_301_T2ME_corSENSE.e01_tmpt1.nii.gz,/home/sn21/localiser/carp-groundtruth/CARP0018_301_T2ME_corSENSE_seg.nii.gz
/home/sn21/localiser/carp-firstdynamic/CARP0018_301_T2ME_corSENSE.e02_tmpt1.nii.gz,/home/sn21/localiser/carp-groundtruth/CARP0018_301_T2ME_corSENSE_seg.nii.gz
/home/sn21/localiser/carp-firstdynamic/CARP0018_301_T2ME_corSENSE.e03_tmpt1.nii.gz,/home/sn21/localiser/carp-groundtruth/CARP0018_301_T2ME_corSENSE_seg.nii.gz
/home/sn21/localiser/carp-firstdynamic/CARP0019_2001_T2ME_corSENSE.e01_tmpt1.nii.gz,/home/sn21/localiser/carp-groundtruth/CARP0019_2001_T2ME_corSENSE_seg.nii.gz
/home/sn21/localiser/carp-firstdynamic/CARP0019_2001_T2ME_corSENSE.e02_tmpt1.nii.gz,/home/sn21/localiser/carp-groundtruth/CARP0019_2001_T2ME_corSENSE_seg.nii.gz
/home/sn21/localiser/carp-firstdynamic/CARP0019_2001_T2ME_corSENSE.e03_tmpt1.nii.gz,/home/sn21/localiser/carp-groundtruth/CARP0019_2001_T2ME_corSENSE_seg.nii.gz
/home/sn21/localiser/carp-firstdynamic/CARP0019_2801_T2ME_corSENSE.e01_tmpt1.nii.gz,/home/sn21/localiser/carp-groundtruth/CARP0019_2801_T2ME_corSENSE_seg.nii.gz
/home/sn21/localiser/carp-firstdynamic/CARP0019_2801_T2ME_corSENSE.e02_tmpt1.nii.gz,/home/sn21/localiser/carp-groundtruth/CARP0019_2801_T2ME_corSENSE_seg.nii.gz
/home/sn21/localiser/carp-firstdynamic/CARP0019_2801_T2ME_corSENSE.e03_tmpt1.nii.gz,/home/sn21/localiser/carp-groundtruth/CARP0019_2801_T2ME_corSENSE_seg.nii.gz
/home/sn21/localiser/carp-firstdynamic/CARP0020_1101_T2ME_corSENSE.e01_tmpt1.nii.gz,/home/sn21/localiser/carp-groundtruth/CARP0020_1101_T2ME_corSENSE_seg.nii.gz
/home/sn21/localiser/carp-firstdynamic/CARP0020_1101_T2ME_corSENSE.e02_tmpt1.nii.gz,/home/sn21/localiser/carp-groundtruth/CARP0020_1101_T2ME_corSENSE_seg.nii.gz
/home/sn21/localiser/carp-firstdynamic/CARP0020_1101_T2ME_corSENSE.e03_tmpt1.nii.gz,/home/sn21/localiser/carp-groundtruth/CARP0020_1101_T2ME_corSENSE_seg.nii.gz
/home/sn21/localiser/carp-firstdynamic/CARP0020_401_T2ME_corSENSE.e01_tmpt1.nii.gz,/home/sn21/localiser/carp-groundtruth/CARP0020_401_T2ME_corSENSE_seg.nii.gz
/home/sn21/localiser/carp-firstdynamic/CARP0020_401_T2ME_corSENSE.e02_tmpt1.nii.gz,/home/sn21/localiser/carp-groundtruth/CARP0020_401_T2ME_corSENSE_seg.nii.gz
/home/sn21/localiser/carp-firstdynamic/CARP0020_401_T2ME_corSENSE.e03_tmpt1.nii.gz,/home/sn21/localiser/carp-groundtruth/CARP0020_401_T2ME_corSENSE_seg.nii.gz
/home/sn21/localiser/carp-firstdynamic/CARP0021_2601_T2ME_corSENSE.e01_tmpt1.nii.gz,/home/sn21/localiser/carp-groundtruth/CARP0021_2601_T2ME_corSENSE_seg.nii.gz
/home/sn21/localiser/carp-firstdynamic/CARP0021_2601_T2ME_corSENSE.e02_tmpt1.nii.gz,/home/sn21/localiser/carp-groundtruth/CARP0021_2601_T2ME_corSENSE_seg.nii.gz
/home/sn21/localiser/carp-firstdynamic/CARP0021_2601_T2ME_corSENSE.e03_tmpt1.nii.gz,/home/sn21/localiser/carp-groundtruth/CARP0021_2601_T2ME_corSENSE_seg.nii.gz
/home/sn21/localiser/carp-firstdynamic/CARP0021_1901_T2ME_corSENSE.e01_tmpt1.nii.gz,/home/sn21/localiser/carp-firstdynamic/CARP0021_1901_T2ME_corSENSE_seg.nii.gz
/home/sn21/localiser/carp-firstdynamic/CARP0021_1901_T2ME_corSENSE.e02_tmpt1.nii.gz,/home/sn21/localiser/carp-firstdynamic/CARP0021_1901_T2ME_corSENSE_seg.nii.gz
/home/sn21/localiser/carp-firstdynamic/CARP0021_1901_T2ME_corSENSE.e03_tmpt1.nii.gz,/home/sn21/localiser/carp-firstdynamic/CARP0021_1901_T2ME_corSENSE_seg.nii.gz
/home/sn21/localiser/carp-firstdynamic/CARP0023_1901_T2ME_corSENSE.e01_tmpt1.nii.gz,/home/sn21/localiser/carp-groundtruth/CARP0023_1901_T2ME_corSENSE_seg.nii.gz
/home/sn21/localiser/carp-firstdynamic/CARP0023_1901_T2ME_corSENSE.e02_tmpt1.nii.gz,/home/sn21/localiser/carp-groundtruth/CARP0023_1901_T2ME_corSENSE_seg.nii.gz
/home/sn21/localiser/carp-firstdynamic/CARP0023_1901_T2ME_corSENSE.e03_tmpt1.nii.gz,/home/sn21/localiser/carp-groundtruth/CARP0023_1901_T2ME_corSENSE_seg.nii.gz
/home/sn21/localiser/carp-firstdynamic/CARP0023_2601_T2ME_corSENSE.e01_tmpt1.nii.gz,/home/sn21/localiser/carp-groundtruth/CARP0023_2601_T2ME_corSENSE_seg.nii.gz
/home/sn21/localiser/carp-firstdynamic/CARP0023_2601_T2ME_corSENSE.e02_tmpt1.nii.gz,/home/sn21/localiser/carp-groundtruth/CARP0023_2601_T2ME_corSENSE_seg.nii.gz
/home/sn21/localiser/carp-firstdynamic/CARP0023_2601_T2ME_corSENSE.e03_tmpt1.nii.gz,/home/sn21/localiser/carp-groundtruth/CARP0023_2601_T2ME_corSENSE_seg.nii.gz
/home/sn21/localiser/carp-firstdynamic/CARP0024_1101_T2ME_corSENSE.e01_tmpt1.nii.gz,/home/sn21/localiser/carp-groundtruth/CARP0024_1101_T2ME_corSENSE_seg.nii.gz
/home/sn21/localiser/carp-firstdynamic/CARP0024_1101_T2ME_corSENSE.e02_tmpt1.nii.gz,/home/sn21/localiser/carp-groundtruth/CARP0024_1101_T2ME_corSENSE_seg.nii.gz
/home/sn21/localiser/carp-firstdynamic/CARP0024_1101_T2ME_corSENSE.e03_tmpt1.nii.gz,/home/sn21/localiser/carp-groundtruth/CARP0024_1101_T2ME_corSENSE_seg.nii.gz
/home/sn21/localiser/carp-firstdynamic/CARP0024_401_T2ME_corSENSE.e01_tmpt1.nii.gz,/home/sn21/localiser/carp-groundtruth/CARP0024_401_T2ME_corSENSE_seg.nii.gz
/home/sn21/localiser/carp-firstdynamic/CARP0024_401_T2ME_corSENSE.e02_tmpt1.nii.gz,/home/sn21/localiser/carp-groundtruth/CARP0024_401_T2ME_corSENSE_seg.nii.gz
/home/sn21/localiser/carp-firstdynamic/CARP0024_401_T2ME_corSENSE.e03_tmpt1.nii.gz,/home/sn21/localiser/carp-groundtruth/CARP0024_401_T2ME_corSENSE_seg.nii.gz
/home/sn21/localiser/carp-firstdynamic/CARP0025_1801_T2ME_corSENSE.e01_tmpt1.nii.gz,/home/sn21/localiser/carp-groundtruth/CARP0025_1801_T2ME_corSENSE_tmpt1_seg.nii.gz
/home/sn21/localiser/carp-firstdynamic/CARP0025_1801_T2ME_corSENSE.e02_tmpt1.nii.gz,/home/sn21/localiser/carp-groundtruth/CARP0025_1801_T2ME_corSENSE_tmpt1_seg.nii.gz
/home/sn21/localiser/carp-firstdynamic/CARP0025_1801_T2ME_corSENSE.e03_tmpt1.nii.gz,/home/sn21/localiser/carp-groundtruth/CARP0025_1801_T2ME_corSENSE_tmpt1_seg.nii.gz
/home/sn21/localiser/carp-firstdynamic/CARP0025_2501_T2ME_corSENSE.e01_tmpt1.nii.gz,/home/sn21/localiser/carp-groundtruth/CARP0025_2501_T2ME_corSENSE_seg.nii.gz
/home/sn21/localiser/carp-firstdynamic/CARP0025_2501_T2ME_corSENSE.e02_tmpt1.nii.gz,/home/sn21/localiser/carp-groundtruth/CARP0025_2501_T2ME_corSENSE_seg.nii.gz
/home/sn21/localiser/carp-firstdynamic/CARP0025_2501_T2ME_corSENSE.e03_tmpt1.nii.gz,/home/sn21/localiser/carp-groundtruth/CARP0025_2501_T2ME_corSENSE_seg.nii.gz
/home/sn21/localiser/carp-firstdynamic/CARP0026_1001_T2ME_corSENSE.e01_tmpt1.nii.gz,/home/sn21/localiser/carp-groundtruth/CARP0026_1001_T2ME_corSENSE_seg.nii.gz
/home/sn21/localiser/carp-firstdynamic/CARP0026_1001_T2ME_corSENSE.e02_tmpt1.nii.gz,/home/sn21/localiser/carp-groundtruth/CARP0026_1001_T2ME_corSENSE_seg.nii.gz
/home/sn21/localiser/carp-firstdynamic/CARP0026_1001_T2ME_corSENSE.e03_tmpt1.nii.gz,/home/sn21/localiser/carp-groundtruth/CARP0026_1001_T2ME_corSENSE_seg.nii.gz
/home/sn21/localiser/carp-firstdynamic/CARP0026_301_T2ME_corSENSE.e01_tmpt1.nii.gz,/home/sn21/localiser/carp-groundtruth/CARP0026_301_T2ME_corSENSE_seg.nii.gz
/home/sn21/localiser/carp-firstdynamic/CARP0026_301_T2ME_corSENSE.e02_tmpt1.nii.gz,/home/sn21/localiser/carp-groundtruth/CARP0026_301_T2ME_corSENSE_seg.nii.gz
/home/sn21/localiser/carp-firstdynamic/CARP0026_301_T2ME_corSENSE.e03_tmpt1.nii.gz,/home/sn21/localiser/carp-groundtruth/CARP0026_301_T2ME_corSENSE_seg.nii.gz
/home/sn21/localiser/carp-firstdynamic/CARP0028_1001_T2ME_corSENSE.e01_tmpt1.nii.gz,/home/sn21/localiser/carp-groundtruth/CARP0028_1001_T2ME_corSENSE_seg.nii.gz
/home/sn21/localiser/carp-firstdynamic/CARP0028_1001_T2ME_corSENSE.e02_tmpt1.nii.gz,/home/sn21/localiser/carp-groundtruth/CARP0028_1001_T2ME_corSENSE_seg.nii.gz
/home/sn21/localiser/carp-firstdynamic/CARP0028_1001_T2ME_corSENSE.e03_tmpt1.nii.gz,/home/sn21/localiser/carp-groundtruth/CARP0028_1001_T2ME_corSENSE_seg.nii.gz
/home/sn21/localiser/carp-firstdynamic/CARP0028_301_T2ME_corSENSE.e01_tmpt1.nii.gz,/home/sn21/localiser/carp-groundtruth/CARP0028_301_T2ME_corSENSE_seg.nii.gz
/home/sn21/localiser/carp-firstdynamic/CARP0028_301_T2ME_corSENSE.e02_tmpt1.nii.gz,/home/sn21/localiser/carp-groundtruth/CARP0028_301_T2ME_corSENSE_seg.nii.gz
/home/sn21/localiser/carp-firstdynamic/CARP0028_301_T2ME_corSENSE.e03_tmpt1.nii.gz,/home/sn21/localiser/carp-groundtruth/CARP0028_301_T2ME_corSENSE_seg.nii.gz
/home/sn21/localiser/carp-firstdynamic/CARP0030_1101_T2ME_corSENSE.e01_tmpt1.nii.gz,/home/sn21/localiser/carp-groundtruth/CARP0030_1101_T2ME_corSENSE_seg.nii.gz
/home/sn21/localiser/carp-firstdynamic/CARP0030_1101_T2ME_corSENSE.e02_tmpt1.nii.gz,/home/sn21/localiser/carp-groundtruth/CARP0030_1101_T2ME_corSENSE_seg.nii.gz
/home/sn21/localiser/carp-firstdynamic/CARP0030_1101_T2ME_corSENSE.e03_tmpt1.nii.gz,/home/sn21/localiser/carp-groundtruth/CARP0030_1101_T2ME_corSENSE_seg.nii.gz
/home/sn21/localiser/carp-firstdynamic/CARP0030_301_T2ME_corSENSE.e01_tmpt1.nii.gz,/home/sn21/localiser/carp-groundtruth/CARP0030_301_T2ME_corSENSE_tmpt1-seg.nii.gz
/home/sn21/localiser/carp-firstdynamic/CARP0030_301_T2ME_corSENSE.e02_tmpt1.nii.gz,/home/sn21/localiser/carp-groundtruth/CARP0030_301_T2ME_corSENSE_tmpt1-seg.nii.gz
/home/sn21/localiser/carp-firstdynamic/CARP0030_301_T2ME_corSENSE.e03_tmpt1.nii.gz,/home/sn21/localiser/carp-groundtruth/CARP0030_301_T2ME_corSENSE_tmpt1-seg.nii.gz
/home/sn21/localiser/carp-firstdynamic/CARP0031_1901_T2ME_corSENSE.e01_tmpt1.nii.gz,/home/sn21/localiser/carp-groundtruth/CARP0031_1901_T2ME_corSENSE_seg.nii.gz
/home/sn21/localiser/carp-firstdynamic/CARP0031_1901_T2ME_corSENSE.e02_tmpt1.nii.gz,/home/sn21/localiser/carp-groundtruth/CARP0031_1901_T2ME_corSENSE_seg.nii.gz
/home/sn21/localiser/carp-firstdynamic/CARP0031_1901_T2ME_corSENSE.e03_tmpt1.nii.gz,/home/sn21/localiser/carp-groundtruth/CARP0031_1901_T2ME_corSENSE_seg.nii.gz
/home/sn21/localiser/carp-firstdynamic/CARP0031_2601_T2ME_corSENSE.e01_tmpt1.nii.gz,/home/sn21/localiser/carp-groundtruth/CARP0031_2601_T2ME_corSENSE_seg.nii.gz
/home/sn21/localiser/carp-firstdynamic/CARP0031_2601_T2ME_corSENSE.e02_tmpt1.nii.gz,/home/sn21/localiser/carp-groundtruth/CARP0031_2601_T2ME_corSENSE_seg.nii.gz
/home/sn21/localiser/carp-firstdynamic/CARP0031_2601_T2ME_corSENSE.e03_tmpt1.nii.gz,/home/sn21/localiser/carp-groundtruth/CARP0031_2601_T2ME_corSENSE_seg.nii.gz
/home/sn21/localiser/carp-firstdynamic/CARP0032_1201_T2ME_corSENSE.e01_tmpt1.nii.gz,/home/sn21/localiser/carp-groundtruth/CARP0032_1201_T2ME_corSENSE_seg.nii.gz
/home/sn21/localiser/carp-firstdynamic/CARP0032_1201_T2ME_corSENSE.e02_tmpt1.nii.gz,/home/sn21/localiser/carp-groundtruth/CARP0032_1201_T2ME_corSENSE_seg.nii.gz
/home/sn21/localiser/carp-firstdynamic/CARP0032_1201_T2ME_corSENSE.e03_tmpt1.nii.gz,/home/sn21/localiser/carp-groundtruth/CARP0032_1201_T2ME_corSENSE_seg.nii.gz
/home/sn21/localiser/carp-firstdynamic/CARP0033_2201_T2ME_corSENSE.e01_tmpt1.nii.gz,/home/sn21/localiser/carp-groundtruth/CARP0033_2201_T2ME_corSENSE_tmpt1_seg.nii.gz
/home/sn21/localiser/carp-firstdynamic/CARP0033_2201_T2ME_corSENSE.e02_tmpt1.nii.gz,/home/sn21/localiser/carp-groundtruth/CARP0033_2201_T2ME_corSENSE_tmpt1_seg.nii.gz
/home/sn21/localiser/carp-firstdynamic/CARP0033_2201_T2ME_corSENSE.e03_tmpt1.nii.gz,/home/sn21/localiser/carp-groundtruth/CARP0033_2201_T2ME_corSENSE_tmpt1_seg.nii.gz
/home/sn21/localiser/carp-firstdynamic/CARP0033_3301_T2ME_corSENSE.e01_tmpt1.nii.gz,/home/sn21/localiser/carp-groundtruth/CARP0033_3301_T2ME_corSENSE_seg.nii.gz
/home/sn21/localiser/carp-firstdynamic/CARP0033_3301_T2ME_corSENSE.e02_tmpt1.nii.gz,/home/sn21/localiser/carp-groundtruth/CARP0033_3301_T2ME_corSENSE_seg.nii.gz
/home/sn21/localiser/carp-firstdynamic/CARP0033_3301_T2ME_corSENSE.e03_tmpt1.nii.gz,/home/sn21/localiser/carp-groundtruth/CARP0033_3301_T2ME_corSENSE_seg.nii.gz
/home/sn21/localiser/carp-firstdynamic/pip018902_1201_T2ME_corSENSE.e01_tmpt1.nii.gz,/home/sn21/localiser/carp-groundtruth/pip018902_1201_T2ME_corSENSE_seg.nii.gz
/home/sn21/localiser/carp-firstdynamic/pip018902_1201_T2ME_corSENSE.e02_tmpt1.nii.gz,/home/sn21/localiser/carp-groundtruth/pip018902_1201_T2ME_corSENSE_seg.nii.gz
/home/sn21/localiser/carp-firstdynamic/pip018902_1201_T2ME_corSENSE.e03_tmpt1.nii.gz,/home/sn21/localiser/carp-groundtruth/pip018902_1201_T2ME_corSENSE_seg.nii.gz
/home/sn21/localiser/carp-firstdynamic/pip018902_901_T2ME_corSENSE.e01_tmpt1.nii.gz,/home/sn21/localiser/carp-groundtruth/pip018902_1201_T2ME_corSENSE_seg.nii.gz
/home/sn21/localiser/carp-firstdynamic/pip018902_901_T2ME_corSENSE.e02_tmpt1.nii.gz,/home/sn21/localiser/carp-groundtruth/pip018902_1201_T2ME_corSENSE_seg.nii.gz
/home/sn21/localiser/carp-firstdynamic/pip018902_901_T2ME_corSENSE.e03_tmpt1.nii.gz,/home/sn21/localiser/carp-groundtruth/pip018902_1201_T2ME_corSENSE_seg.nii.gz
/home/sn21/localiser/carp-firstdynamic/pip018902_701_T2ME_corSENSE.e01_tmpt1.nii.gz,/home/sn21/localiser/carp-groundtruth/pip018902_1201_T2ME_corSENSE_seg.nii.gz
/home/sn21/localiser/carp-firstdynamic/pip018902_701_T2ME_corSENSE.e02_tmpt1.nii.gz,/home/sn21/localiser/carp-groundtruth/pip018902_1201_T2ME_corSENSE_seg.nii.gz
/home/sn21/localiser/carp-firstdynamic/pip018902_701_T2ME_corSENSE.e03_tmpt1.nii.gz,/home/sn21/localiser/carp-groundtruth/pip018902_1201_T2ME_corSENSE_seg.nii.gz
/home/sn21/localiser/carp-firstdynamic/pip018902_601_T2ME_corSENSE.e01_tmpt1.nii.gz,/home/sn21/localiser/carp-groundtruth/pip018902_1201_T2ME_corSENSE_seg.nii.gz
/home/sn21/localiser/carp-firstdynamic/pip018902_601_T2ME_corSENSE.e02_tmpt1.nii.gz,/home/sn21/localiser/carp-groundtruth/pip018902_1201_T2ME_corSENSE_seg.nii.gz
/home/sn21/localiser/carp-firstdynamic/pip018902_601_T2ME_corSENSE.e03_tmpt1.nii.gz,/home/sn21/localiser/carp-groundtruth/pip018902_1201_T2ME_corSENSE_seg.nii.gz
/home/sn21/localiser/data-3T/inf0002/201908280916_PHILIPSECA816E_1301_pip5T2ME_2SENSEp1o1.e01.nii.gz,/home/sn21/localiser/data-3T/inf0002_13_mask_AA.nii.gz
/home/sn21/localiser/data-3T/inf0002/201908280916_PHILIPSECA816E_1301_pip5T2ME_2SENSEp1o1.e02.nii.gz,/home/sn21/localiser/data-3T/inf0002_13_mask_AA.nii.gz
/home/sn21/localiser/data-3T/inf0002/201908280916_PHILIPSECA816E_1301_pip5T2ME_2SENSEp1o1.e03.nii.gz,/home/sn21/localiser/data-3T/inf0002_13_mask_AA.nii.gz
/home/sn21/localiser/data-3T/inf0002/201908280916_PHILIPSECA816E_1301_pip5T2ME_2SENSEp1o1.e04.nii.gz,/home/sn21/localiser/data-3T/inf0002_13_mask_AA.nii.gz
/home/sn21/localiser/data-3T/inf0002/201908280916_PHILIPSECA816E_1301_pip5T2ME_2SENSEp1o1.e05.nii.gz,/home/sn21/localiser/data-3T/inf0002_13_mask_AA.nii.gz
/home/sn21/localiser/data-3T/inf0004/201909180929_PHILIPSECA816E_1201_pip5T2ME_2SENSEp1o1.e01.nii.gz,/home/sn21/localiser/data-3T/inf0004_12_mask_AA.nii.gz
/home/sn21/localiser/data-3T/inf0004/201909180929_PHILIPSECA816E_1201_pip5T2ME_2SENSEp1o1.e02.nii.gz,/home/sn21/localiser/data-3T/inf0004_12_mask_AA.nii.gz
/home/sn21/localiser/data-3T/inf0004/201909180929_PHILIPSECA816E_1201_pip5T2ME_2SENSEp1o1.e03.nii.gz,/home/sn21/localiser/data-3T/inf0004_12_mask_AA.nii.gz
/home/sn21/localiser/data-3T/inf0004/201909180929_PHILIPSECA816E_1201_pip5T2ME_2SENSEp1o1.e04.nii.gz,/home/sn21/localiser/data-3T/inf0004_12_mask_AA.nii.gz
/home/sn21/localiser/data-3T/inf0004/201909180929_PHILIPSECA816E_1201_pip5T2ME_2SENSEp1o1.e05.nii.gz,/home/sn21/localiser/data-3T/inf0004_12_mask_AA.nii.gz
/home/sn21/localiser/data-3T/inf0005/201909231323_PHILIPSECA816E_1301_pip5T2ME_2SENSEp1o1.e01.nii.gz,/home/sn21/localiser/data-3T/inf0005_13_mask_AA.nii.gz
/home/sn21/localiser/data-3T/inf0005/201909231323_PHILIPSECA816E_1301_pip5T2ME_2SENSEp1o1.e02.nii.gz,/home/sn21/localiser/data-3T/inf0005_13_mask_AA.nii.gz
/home/sn21/localiser/data-3T/inf0005/201909231323_PHILIPSECA816E_1301_pip5T2ME_2SENSEp1o1.e03.nii.gz,/home/sn21/localiser/data-3T/inf0005_13_mask_AA.nii.gz
/home/sn21/localiser/data-3T/inf0005/201909231323_PHILIPSECA816E_1301_pip5T2ME_2SENSEp1o1.e04.nii.gz,/home/sn21/localiser/data-3T/inf0005_13_mask_AA.nii.gz
/home/sn21/localiser/data-3T/inf0005/201909231323_PHILIPSECA816E_1301_pip5T2ME_2SENSEp1o1.e05.nii.gz,/home/sn21/localiser/data-3T/inf0005_13_mask_AA.nii.gz
/home/sn21/localiser/data-3T/inf0007/201910020933_PHILIPSECA816E_1301_pip5T2ME_2SENSEp1o1.e01.nii.gz,/home/sn21/localiser/data-3T/inf0007_13_mask_AA.nii.gz
/home/sn21/localiser/data-3T/inf0007/201910020933_PHILIPSECA816E_1301_pip5T2ME_2SENSEp1o1.e02.nii.gz,/home/sn21/localiser/data-3T/inf0007_13_mask_AA.nii.gz
/home/sn21/localiser/data-3T/inf0007/201910020933_PHILIPSECA816E_1301_pip5T2ME_2SENSEp1o1.e03.nii.gz,/home/sn21/localiser/data-3T/inf0007_13_mask_AA.nii.gz
/home/sn21/localiser/data-3T/inf0007/201910020933_PHILIPSECA816E_1301_pip5T2ME_2SENSEp1o1.e04.nii.gz,/home/sn21/localiser/data-3T/inf0007_13_mask_AA.nii.gz
/home/sn21/localiser/data-3T/inf0007/201910020933_PHILIPSECA816E_1301_pip5T2ME_2SENSEp1o1.e05.nii.gz,/home/sn21/localiser/data-3T/inf0007_13_mask_AA.nii.gz
/home/sn21/localiser/data-3T/inf0009/201910250928_PHILIPSECA816E_1201_pip5T2ME_2SENSEp1o1.e01.nii.gz,/home/sn21/localiser/data-3T/inf0009_12_mask_AA.nii.gz
/home/sn21/localiser/data-3T/inf0009/201910250928_PHILIPSECA816E_1201_pip5T2ME_2SENSEp1o1.e02.nii.gz,/home/sn21/localiser/data-3T/inf0009_12_mask_AA.nii.gz
/home/sn21/localiser/data-3T/inf0009/201910250928_PHILIPSECA816E_1201_pip5T2ME_2SENSEp1o1.e03.nii.gz,/home/sn21/localiser/data-3T/inf0009_12_mask_AA.nii.gz
/home/sn21/localiser/data-3T/inf0009/201910250928_PHILIPSECA816E_1201_pip5T2ME_2SENSEp1o1.e04.nii.gz,/home/sn21/localiser/data-3T/inf0009_12_mask_AA.nii.gz
/home/sn21/localiser/data-3T/inf0009/201910250928_PHILIPSECA816E_1201_pip5T2ME_2SENSEp1o1.e05.nii.gz,/home/sn21/localiser/data-3T/inf0009_12_mask_AA.nii.gz
/home/sn21/localiser/data-3T/inf0010/201911011129_PHILIPSECA816E_1401_pip5T2ME_2SENSEp1o1.e01.nii.gz,/home/sn21/localiser/data-3T/inf0010_14_mask_AA.nii.gz
/home/sn21/localiser/data-3T/inf0010/201911011129_PHILIPSECA816E_1401_pip5T2ME_2SENSEp1o1.e02.nii.gz,/home/sn21/localiser/data-3T/inf0010_14_mask_AA.nii.gz
/home/sn21/localiser/data-3T/inf0010/201911011129_PHILIPSECA816E_1401_pip5T2ME_2SENSEp1o1.e03.nii.gz,/home/sn21/localiser/data-3T/inf0010_14_mask_AA.nii.gz
/home/sn21/localiser/data-3T/inf0010/201911011129_PHILIPSECA816E_1401_pip5T2ME_2SENSEp1o1.e04.nii.gz,/home/sn21/localiser/data-3T/inf0010_14_mask_AA.nii.gz
/home/sn21/localiser/data-3T/inf0010/201911011129_PHILIPSECA816E_1401_pip5T2ME_2SENSEp1o1.e05.nii.gz,/home/sn21/localiser/data-3T/inf0010_14_mask_AA.nii.gz
/home/sn21/localiser/data-3T/inf0015/202002101538_PHILIPSECA816E_1401_pip5T2ME_2SENSEp1o1.e01.nii.gz,/home/sn21/localiser/data-3T/inf0015_14_mask_AA.nii.gz
/home/sn21/localiser/data-3T/inf0015/202002101538_PHILIPSECA816E_1401_pip5T2ME_2SENSEp1o1.e02.nii.gz,/home/sn21/localiser/data-3T/inf0015_14_mask_AA.nii.gz
/home/sn21/localiser/data-3T/inf0015/202002101538_PHILIPSECA816E_1401_pip5T2ME_2SENSEp1o1.e03.nii.gz,/home/sn21/localiser/data-3T/inf0015_14_mask_AA.nii.gz
/home/sn21/localiser/data-3T/inf0015/202002101538_PHILIPSECA816E_1401_pip5T2ME_2SENSEp1o1.e04.nii.gz,/home/sn21/localiser/data-3T/inf0015_14_mask_AA.nii.gz
/home/sn21/localiser/data-3T/inf0015/202002101538_PHILIPSECA816E_1401_pip5T2ME_2SENSEp1o1.e05.nii.gz,/home/sn21/localiser/data-3T/inf0015_14_mask_AA.nii.gz
/home/sn21/localiser/data-3T/inf0018/202104091333_PHILIPSECA816E_1401_pip5T2ME_2SENSEp1o1.e01.nii.gz,/home/sn21/localiser/data-3T/inf0018_14_mask_AA.nii.gz
/home/sn21/localiser/data-3T/inf0018/202104091333_PHILIPSECA816E_1401_pip5T2ME_2SENSEp1o1.e02.nii.gz,/home/sn21/localiser/data-3T/inf0018_14_mask_AA.nii.gz
/home/sn21/localiser/data-3T/inf0018/202104091333_PHILIPSECA816E_1401_pip5T2ME_2SENSEp1o1.e03.nii.gz,/home/sn21/localiser/data-3T/inf0018_14_mask_AA.nii.gz
/home/sn21/localiser/data-3T/inf0018/202104091333_PHILIPSECA816E_1401_pip5T2ME_2SENSEp1o1.e04.nii.gz,/home/sn21/localiser/data-3T/inf0018_14_mask_AA.nii.gz
/home/sn21/localiser/data-3T/inf0018/202104091333_PHILIPSECA816E_1401_pip5T2ME_2SENSEp1o1.e05.nii.gz,/home/sn21/localiser/data-3T/inf0018_14_mask_AA.nii.gz
/home/sn21/localiser/data-3T/inf0020/202105251608_PHILIPSECA816E_1401_pip5T2ME_2SENSEp1o1.e01.nii.gz,/home/sn21/localiser/data-3T/inf0020_14_mask_AA.nii.gz
/home/sn21/localiser/data-3T/inf0020/202105251608_PHILIPSECA816E_1401_pip5T2ME_2SENSEp1o1.e02.nii.gz,/home/sn21/localiser/data-3T/inf0020_14_mask_AA.nii.gz
/home/sn21/localiser/data-3T/inf0020/202105251608_PHILIPSECA816E_1401_pip5T2ME_2SENSEp1o1.e03.nii.gz,/home/sn21/localiser/data-3T/inf0020_14_mask_AA.nii.gz
/home/sn21/localiser/data-3T/inf0020/202105251608_PHILIPSECA816E_1401_pip5T2ME_2SENSEp1o1.e04.nii.gz,/home/sn21/localiser/data-3T/inf0020_14_mask_AA.nii.gz
/home/sn21/localiser/data-3T/inf0020/202105251608_PHILIPSECA816E_1401_pip5T2ME_2SENSEp1o1.e05.nii.gz,/home/sn21/localiser/data-3T/inf0020_14_mask_AA.nii.gz
/home/sn21/localiser/data-3T/presto000203/202202020932_PHILIPSECA816E_1601_pip5T2ME_2SENSEp1o1.e01.nii.gz,/home/sn21/localiser/data-3T/presto000203_16_mask_AA.nii.gz
/home/sn21/localiser/data-3T/presto000203/202202020932_PHILIPSECA816E_1601_pip5T2ME_2SENSEp1o1.e02.nii.gz,/home/sn21/localiser/data-3T/presto000203_16_mask_AA.nii.gz
/home/sn21/localiser/data-3T/presto000203/202202020932_PHILIPSECA816E_1601_pip5T2ME_2SENSEp1o1.e03.nii.gz,/home/sn21/localiser/data-3T/presto000203_16_mask_AA.nii.gz
/home/sn21/localiser/data-3T/presto000203/202202020932_PHILIPSECA816E_1601_pip5T2ME_2SENSEp1o1.e04.nii.gz,/home/sn21/localiser/data-3T/presto000203_16_mask_AA.nii.gz
/home/sn21/localiser/data-3T/presto000203/202202020932_PHILIPSECA816E_1601_pip5T2ME_2SENSEp1o1.e05.nii.gz,/home/sn21/localiser/data-3T/presto000203_16_mask_AA.nii.gz
/home/sn21/localiser/data-3T/presto0003/202201240950_PHILIPSECA816E_1501_pip5T2ME_2SENSEp1o1.e01.nii.gz,/home/sn21/localiser/data-3T/presto0003_15_mask_AA.nii.gz
/home/sn21/localiser/data-3T/presto0003/202201240950_PHILIPSECA816E_1501_pip5T2ME_2SENSEp1o1.e02.nii.gz,/home/sn21/localiser/data-3T/presto0003_15_mask_AA.nii.gz
/home/sn21/localiser/data-3T/presto0003/202201240950_PHILIPSECA816E_1501_pip5T2ME_2SENSEp1o1.e03.nii.gz,/home/sn21/localiser/data-3T/presto0003_15_mask_AA.nii.gz
/home/sn21/localiser/data-3T/presto0003/202201240950_PHILIPSECA816E_1501_pip5T2ME_2SENSEp1o1.e04.nii.gz,/home/sn21/localiser/data-3T/presto0003_15_mask_AA.nii.gz
/home/sn21/localiser/data-3T/presto0003/202201240950_PHILIPSECA816E_1501_pip5T2ME_2SENSEp1o1.e05.nii.gz,/home/sn21/localiser/data-3T/presto0003_15_mask_AA.nii.gz
/home/sn21/localiser/data-3T/presto0004/202201271418_PHILIPSECA816E_1601_pip5T2ME_2SENSEp1o1.e01.nii.gz,/home/sn21/localiser/data-3T/presto0004_16_mask_AA.nii.gz
/home/sn21/localiser/data-3T/presto0004/202201271418_PHILIPSECA816E_1601_pip5T2ME_2SENSEp1o1.e02.nii.gz,/home/sn21/localiser/data-3T/presto0004_16_mask_AA.nii.gz
/home/sn21/localiser/data-3T/presto0004/202201271418_PHILIPSECA816E_1601_pip5T2ME_2SENSEp1o1.e03.nii.gz,/home/sn21/localiser/data-3T/presto0004_16_mask_AA.nii.gz
/home/sn21/localiser/data-3T/presto0004/202201271418_PHILIPSECA816E_1601_pip5T2ME_2SENSEp1o1.e04.nii.gz,/home/sn21/localiser/data-3T/presto0004_16_mask_AA.nii.gz
/home/sn21/localiser/data-3T/presto0004/202201271418_PHILIPSECA816E_1601_pip5T2ME_2SENSEp1o1.e05.nii.gz,/home/sn21/localiser/data-3T/presto0004_16_mask_AA.nii.gz
/home/sn21/localiser/data-3T/presto0007/202201311547_PHILIPSECA816E_1601_pip5T2ME_2SENSEp1o1.e01.nii.gz,/home/sn21/localiser/data-3T/presto0007_16_mask_AA.nii.gz
/home/sn21/localiser/data-3T/presto0007/202201311547_PHILIPSECA816E_1601_pip5T2ME_2SENSEp1o1.e02.nii.gz,/home/sn21/localiser/data-3T/presto0007_16_mask_AA.nii.gz
/home/sn21/localiser/data-3T/presto0007/202201311547_PHILIPSECA816E_1601_pip5T2ME_2SENSEp1o1.e03.nii.gz,/home/sn21/localiser/data-3T/presto0007_16_mask_AA.nii.gz
/home/sn21/localiser/data-3T/presto0007/202201311547_PHILIPSECA816E_1601_pip5T2ME_2SENSEp1o1.e04.nii.gz,/home/sn21/localiser/data-3T/presto0007_16_mask_AA.nii.gz
/home/sn21/localiser/data-3T/presto0007/202201311547_PHILIPSECA816E_1601_pip5T2ME_2SENSEp1o1.e05.nii.gz,/home/sn21/localiser/data-3T/presto0007_16_mask_AA.nii.gz
/home/sn21/localiser/data-3T/presto0008/202202211425_PHILIPSECA816E_1601_pip5T2ME_2SENSEp1o1.e01.nii.gz,/home/sn21/localiser/data-3T/presto0008_16_mask_AA.nii.gz
/home/sn21/localiser/data-3T/presto0008/202202211425_PHILIPSECA816E_1601_pip5T2ME_2SENSEp1o1.e02.nii.gz,/home/sn21/localiser/data-3T/presto0008_16_mask_AA.nii.gz
/home/sn21/localiser/data-3T/presto0008/202202211425_PHILIPSECA816E_1601_pip5T2ME_2SENSEp1o1.e03.nii.gz,/home/sn21/localiser/data-3T/presto0008_16_mask_AA.nii.gz
/home/sn21/localiser/data-3T/presto0008/202202211425_PHILIPSECA816E_1601_pip5T2ME_2SENSEp1o1.e04.nii.gz,/home/sn21/localiser/data-3T/presto0008_16_mask_AA.nii.gz
/home/sn21/localiser/data-3T/presto0008/202202211425_PHILIPSECA816E_1601_pip5T2ME_2SENSEp1o1.e05.nii.gz,/home/sn21/localiser/data-3T/presto0008_16_mask_AA.nii.gz
/home/sn21/localiser/data-3T/presto0009/202204071248_PHILIPSECA816E_1601_pip5T2ME_2SENSEp1o1.e01.nii.gz,/home/sn21/localiser/data-3T/presto0009_16_mask_AA.nii.gz
/home/sn21/localiser/data-3T/presto0009/202204071248_PHILIPSECA816E_1601_pip5T2ME_2SENSEp1o1.e02.nii.gz,/home/sn21/localiser/data-3T/presto0009_16_mask_AA.nii.gz
/home/sn21/localiser/data-3T/presto0009/202204071248_PHILIPSECA816E_1601_pip5T2ME_2SENSEp1o1.e03.nii.gz,/home/sn21/localiser/data-3T/presto0009_16_mask_AA.nii.gz
/home/sn21/localiser/data-3T/presto0009/202204071248_PHILIPSECA816E_1601_pip5T2ME_2SENSEp1o1.e04.nii.gz,/home/sn21/localiser/data-3T/presto0009_16_mask_AA.nii.gz
/home/sn21/localiser/data-3T/presto0009/202204071248_PHILIPSECA816E_1601_pip5T2ME_2SENSEp1o1.e05.nii.gz,/home/sn21/localiser/data-3T/presto0009_16_mask_AA.nii.gz
/home/sn21/localiser/data-3T/presto0010/202204201632_PHILIPSECA816E_1101_pip5T2ME_2SENSEp1o1.e01.nii.gz,/home/sn21/localiser/data-3T/presto0010_11_mask_AA.nii.gz
/home/sn21/localiser/data-3T/presto0010/202204201632_PHILIPSECA816E_1101_pip5T2ME_2SENSEp1o1.e02.nii.gz,/home/sn21/localiser/data-3T/presto0010_11_mask_AA.nii.gz
/home/sn21/localiser/data-3T/presto0010/202204201632_PHILIPSECA816E_1101_pip5T2ME_2SENSEp1o1.e03.nii.gz,/home/sn21/localiser/data-3T/presto0010_11_mask_AA.nii.gz
/home/sn21/localiser/data-3T/presto0010/202204201632_PHILIPSECA816E_1101_pip5T2ME_2SENSEp1o1.e04.nii.gz,/home/sn21/localiser/data-3T/presto0010_11_mask_AA.nii.gz
/home/sn21/localiser/data-3T/presto0010/202204201632_PHILIPSECA816E_1101_pip5T2ME_2SENSEp1o1.e05.nii.gz,/home/sn21/localiser/data-3T/presto0010_11_mask_AA.nii.gz
/home/sn21/localiser/data-3T/presto0013/202205180825_PHILIPSECA816E_1301_pip5T2ME_2SENSEp1o1.e01.nii.gz,/home/sn21/localiser/data-3T/presto0013_13_mask_AA.nii.gz
/home/sn21/localiser/data-3T/presto0013/202205180825_PHILIPSECA816E_1301_pip5T2ME_2SENSEp1o1.e02.nii.gz,/home/sn21/localiser/data-3T/presto0013_13_mask_AA.nii.gz
/home/sn21/localiser/data-3T/presto0013/202205180825_PHILIPSECA816E_1301_pip5T2ME_2SENSEp1o1.e03.nii.gz,/home/sn21/localiser/data-3T/presto0013_13_mask_AA.nii.gz
/home/sn21/localiser/data-3T/presto0013/202205180825_PHILIPSECA816E_1301_pip5T2ME_2SENSEp1o1.e04.nii.gz,/home/sn21/localiser/data-3T/presto0013_13_mask_AA.nii.gz
/home/sn21/localiser/data-3T/presto0013/202205180825_PHILIPSECA816E_1301_pip5T2ME_2SENSEp1o1.e05.nii.gz,/home/sn21/localiser/data-3T/presto0013_13_mask_AA.nii.gz
/home/sn21/localiser/data-3T/presto0014/202206070849_PHILIPSECA816E_1601_pip5T2ME_2_repSENSEp1o1.e01.nii.gz,/home/sn21/localiser/data-3T/presto0014_16_mask_AA.nii.gz
/home/sn21/localiser/data-3T/presto0014/202206070849_PHILIPSECA816E_1601_pip5T2ME_2_repSENSEp1o1.e02.nii.gz,/home/sn21/localiser/data-3T/presto0014_16_mask_AA.nii.gz
/home/sn21/localiser/data-3T/presto0014/202206070849_PHILIPSECA816E_1601_pip5T2ME_2_repSENSEp1o1.e03.nii.gz,/home/sn21/localiser/data-3T/presto0014_16_mask_AA.nii.gz
/home/sn21/localiser/data-3T/presto0014/202206070849_PHILIPSECA816E_1601_pip5T2ME_2_repSENSEp1o1.e04.nii.gz,/home/sn21/localiser/data-3T/presto0014_16_mask_AA.nii.gz
/home/sn21/localiser/data-3T/presto0014/202206070849_PHILIPSECA816E_1601_pip5T2ME_2_repSENSEp1o1.e05.nii.gz,/home/sn21/localiser/data-3T/presto0014_16_mask_AA.nii.gz
/home/sn21/localiser/data-3T/presto0015/202205180825_PHILIPSECA816E_1301_pip5T2ME_2SENSEp1o1.e01.nii.gz,/home/sn21/localiser/data-3T/presto0015_13_mask_AA.nii.gz
/home/sn21/localiser/data-3T/presto0015/202205180825_PHILIPSECA816E_1301_pip5T2ME_2SENSEp1o1.e02.nii.gz,/home/sn21/localiser/data-3T/presto0015_13_mask_AA.nii.gz
/home/sn21/localiser/data-3T/presto0015/202205180825_PHILIPSECA816E_1301_pip5T2ME_2SENSEp1o1.e03.nii.gz,/home/sn21/localiser/data-3T/presto0015_13_mask_AA.nii.gz
/home/sn21/localiser/data-3T/presto0015/202205180825_PHILIPSECA816E_1301_pip5T2ME_2SENSEp1o1.e04.nii.gz,/home/sn21/localiser/data-3T/presto0015_13_mask_AA.nii.gz
/home/sn21/localiser/data-3T/presto0015/202205180825_PHILIPSECA816E_1301_pip5T2ME_2SENSEp1o1.e05.nii.gz,/home/sn21/localiser/data-3T/presto0015_13_mask_AA.nii.gz
/home/sn21/localiser/data-3T/presto0016/202206141340_PHILIPSECA816E_1401_pip5T2ME_2_repSENSEp1o1.e01.nii.gz,/home/sn21/localiser/data-3T/presto0016_14_mask_AA.nii.gz
/home/sn21/localiser/data-3T/presto0016/202206141340_PHILIPSECA816E_1401_pip5T2ME_2_repSENSEp1o1.e02.nii.gz,/home/sn21/localiser/data-3T/presto0016_14_mask_AA.nii.gz
/home/sn21/localiser/data-3T/presto0016/202206141340_PHILIPSECA816E_1401_pip5T2ME_2_repSENSEp1o1.e03.nii.gz,/home/sn21/localiser/data-3T/presto0016_14_mask_AA.nii.gz
/home/sn21/localiser/data-3T/presto0016/202206141340_PHILIPSECA816E_1401_pip5T2ME_2_repSENSEp1o1.e04.nii.gz,/home/sn21/localiser/data-3T/presto0016_14_mask_AA.nii.gz
/home/sn21/localiser/data-3T/presto0016/202206141340_PHILIPSECA816E_1401_pip5T2ME_2_repSENSEp1o1.e05.nii.gz,/home/sn21/localiser/data-3T/presto0016_14_mask_AA.nii.gz
/home/sn21/localiser/data-3T/presto0017/202206221323_PHILIPSECA816E_1501_pip5T2ME_2SENSEp1o1.e01.nii.gz,/home/sn21/localiser/data-3T/presto0017_15_mask_AA.nii.gz
/home/sn21/localiser/data-3T/presto0017/202206221323_PHILIPSECA816E_1501_pip5T2ME_2SENSEp1o1.e02.nii.gz,/home/sn21/localiser/data-3T/presto0017_15_mask_AA.nii.gz
/home/sn21/localiser/data-3T/presto0017/202206221323_PHILIPSECA816E_1501_pip5T2ME_2SENSEp1o1.e03.nii.gz,/home/sn21/localiser/data-3T/presto0017_15_mask_AA.nii.gz
/home/sn21/localiser/data-3T/presto0017/202206221323_PHILIPSECA816E_1501_pip5T2ME_2SENSEp1o1.e04.nii.gz,/home/sn21/localiser/data-3T/presto0017_15_mask_AA.nii.gz
/home/sn21/localiser/data-3T/presto0017/202206221323_PHILIPSECA816E_1501_pip5T2ME_2SENSEp1o1.e05.nii.gz,/home/sn21/localiser/data-3T/presto0017_15_mask_AA.nii.gz
/home/sn21/localiser/data-3T/presto0020/202207050953_PHILIPSECA816E_1901_pip5T2ME_2SENSEp1o1.e01.nii.gz,/home/sn21/localiser/data-3T/presto0020_19_mask_AA.nii.gz
/home/sn21/localiser/data-3T/presto0020/202207050953_PHILIPSECA816E_1901_pip5T2ME_2SENSEp1o1.e02.nii.gz,/home/sn21/localiser/data-3T/presto0020_19_mask_AA.nii.gz
/home/sn21/localiser/data-3T/presto0020/202207050953_PHILIPSECA816E_1901_pip5T2ME_2SENSEp1o1.e03.nii.gz,/home/sn21/localiser/data-3T/presto0020_19_mask_AA.nii.gz
/home/sn21/localiser/data-3T/presto0020/202207050953_PHILIPSECA816E_1901_pip5T2ME_2SENSEp1o1.e04.nii.gz,/home/sn21/localiser/data-3T/presto0020_19_mask_AA.nii.gz
/home/sn21/localiser/data-3T/presto0020/202207050953_PHILIPSECA816E_1901_pip5T2ME_2SENSEp1o1.e05.nii.gz,/home/sn21/localiser/data-3T/presto0020_19_mask_AA.nii.gz
/home/sn21/localiser/fimox-dyn/fCMR0246_501_T2ME_corSENSE.e01_split1.nii.gz,/home/sn21/localiser/fimox-dyn/fCMR0246_5_mask_AA.nii.gz
/home/sn21/localiser/fimox-dyn/fCMR0246_501_T2ME_corSENSE.e02_split1.nii.gz,/home/sn21/localiser/fimox-dyn/fCMR0246_5_mask_AA.nii.gz
/home/sn21/localiser/fimox-dyn/fCMR0251_3101_T2ME_corSENSE.e01_split1.nii.gz,/home/sn21/localiser/fimox-dyn/fCMR0251_31_mask_JSAA.nii.gz
/home/sn21/localiser/fimox-dyn/fCMR0251_3101_T2ME_corSENSE.e02_split1.nii.gz,/home/sn21/localiser/fimox-dyn/fCMR0251_31_mask_JSAA.nii.gz
/home/sn21/localiser/fimox-dyn/fCMR0251_3101_T2ME_corSENSE.e03_split1.nii.gz,/home/sn21/localiser/fimox-dyn/fCMR0251_31_mask_JSAA.nii.gz
/home/sn21/localiser/fimox-dyn/fCMR0258_601_corSENSE.e01_split1.nii.gz,/home/sn21/localiser/fimox-dyn/fCMR0258_6_mask_AA.nii.gz
/home/sn21/localiser/fimox-dyn/fCMR0258_601_corSENSE.e02_split1.nii.gz,/home/sn21/localiser/fimox-dyn/fCMR0258_6_mask_AA.nii.gz
/home/sn21/localiser/fimox-dyn/fCMR0258_601_corSENSE.e03_split1.nii.gz,/home/sn21/localiser/fimox-dyn/fCMR0258_6_mask_AA.nii.gz
/home/sn21/localiser/fimox-dyn/fCMR0259_501_T2ME_corSENSE.e01_split1.nii.gz,/home/sn21/localiser/fimox-dyn/fCMR0259_5_mask_AA.nii.gz
/home/sn21/localiser/fimox-dyn/fCMR0259_501_T2ME_corSENSE.e02_split1.nii.gz,/home/sn21/localiser/fimox-dyn/fCMR0259_5_mask_AA.nii.gz
/home/sn21/localiser/fimox-dyn/fCMR0259_501_T2ME_corSENSE.e03_split1.nii.gz,/home/sn21/localiser/fimox-dyn/fCMR0259_5_mask_AA.nii.gz
/home/sn21/localiser/fimox-dyn/FIMOx0009_501_PIH1T2ME_corSENSE.e01_split1.nii.gz,/home/sn21/localiser/fimox-dyn/FIMOx0009_5_mask_JSAA.nii.gz
/home/sn21/localiser/fimox-dyn/FIMOx0009_501_PIH1T2ME_corSENSE.e02_split1.nii.gz,/home/sn21/localiser/fimox-dyn/FIMOx0009_5_mask_JSAA.nii.gz
/home/sn21/localiser/fimox-dyn/FIMOx0009_501_PIH1T2ME_corSENSE.e03_split1.nii.gz,/home/sn21/localiser/fimox-dyn/FIMOx0009_5_mask_JSAA.nii.gz
/home/sn21/localiser/fimox-dyn/FIMOx000902_601_PIH1T2ME_corSENSE.e01_split1.nii.gz,/home/sn21/localiser/fimox-dyn/FIMOx000902_6_mask_JSAA.nii.gz
/home/sn21/localiser/fimox-dyn/FIMOx000902_601_PIH1T2ME_corSENSE.e02_split1.nii.gz,/home/sn21/localiser/fimox-dyn/FIMOx000902_6_mask_JSAA.nii.gz
/home/sn21/localiser/fimox-dyn/FIMOx000902_601_PIH1T2ME_corSENSE.e03_split1.nii.gz,/home/sn21/localiser/fimox-dyn/FIMOx000902_6_mask_JSAA.nii.gz
/home/sn21/localiser/fimox-dyn/FIMOx0010_501_PIH1T2ME_corSENSE.e01_split1.nii.gz,/home/sn21/localiser/fimox-dyn/fimox0010_5_mask_JSAA.nii.gz
/home/sn21/localiser/fimox-dyn/FIMOx0010_501_PIH1T2ME_corSENSE.e02_split1.nii.gz,/home/sn21/localiser/fimox-dyn/fimox0010_5_mask_JSAA.nii.gz
/home/sn21/localiser/fimox-dyn/FIMOx0010_501_PIH1T2ME_corSENSE.e03_split1.nii.gz,/home/sn21/localiser/fimox-dyn/fimox0010_5_mask_JSAA.nii.gz
/home/sn21/localiser/fimox-dyn/FIMOx0014_501_PIH1T2ME_corSENSE.e01_split1.nii.gz,/home/sn21/localiser/fimox-dyn/fimox0014_5_mask_JSAA.nii.gz
/home/sn21/localiser/fimox-dyn/FIMOx0014_501_PIH1T2ME_corSENSE.e02_split1.nii.gz,/home/sn21/localiser/fimox-dyn/fimox0014_5_mask_JSAA.nii.gz
/home/sn21/localiser/fimox-dyn/FIMOx0014_501_PIH1T2ME_corSENSE.e03_split1.nii.gz,/home/sn21/localiser/fimox-dyn/fimox0014_5_mask_JSAA.nii.gz
/home/sn21/localiser/fimox-dyn/FIMOx0016_501_PIH1T2ME_corSENSE.e01_split1.nii.gz,/home/sn21/localiser/fimox-dyn/FIMOx0016_5_mask_JSAA.nii.gz
/home/sn21/localiser/fimox-dyn/FIMOx0016_501_PIH1T2ME_corSENSE.e02_split1.nii.gz,/home/sn21/localiser/fimox-dyn/FIMOx0016_5_mask_JSAA.nii.gz
/home/sn21/localiser/fimox-dyn/FIMOx0016_501_PIH1T2ME_corSENSE.e03_split1.nii.gz,/home/sn21/localiser/fimox-dyn/FIMOx0016_5_mask_JSAA.nii.gz
/home/sn21/localiser/fimox-dyn/FIMOx0017_601_PIH1T2ME_corSENSE.e01_split1.nii.gz,/home/sn21/localiser/fimox-dyn/FIMOx0017_6_mask_JSAA.nii.gz
/home/sn21/localiser/fimox-dyn/FIMOx0017_601_PIH1T2ME_corSENSE.e02_split1.nii.gz,/home/sn21/localiser/fimox-dyn/FIMOx0017_6_mask_JSAA.nii.gz
/home/sn21/localiser/fimox-dyn/FIMOx0017_601_PIH1T2ME_corSENSE.e03_split1.nii.gz,/home/sn21/localiser/fimox-dyn/FIMOx0017_6_mask_JSAA.nii.gz
/home/sn21/localiser/fimox-dyn/FIMOx0018_801_PIH1T2ME_corSENSE.e01_split1.nii.gz,/home/sn21/localiser/fimox-dyn/FIMOx0018_8_mask_JSAA.nii.gz
/home/sn21/localiser/fimox-dyn/FIMOx0018_801_PIH1T2ME_corSENSE.e02_split1.nii.gz,/home/sn21/localiser/fimox-dyn/FIMOx0018_8_mask_JSAA.nii.gz
/home/sn21/localiser/fimox-dyn/FIMOx0018_801_PIH1T2ME_corSENSE.e03_split1.nii.gz,/home/sn21/localiser/fimox-dyn/FIMOx0018_8_mask_JSAA.nii.gz
/home/sn21/localiser/fimox-dyn/FIMOx0019_501_PIH1T2ME_corSENSE.e01_split1.nii.gz,/home/sn21/localiser/fimox-dyn/FIMOx0019_5_mask_JSAA.nii.gz
/home/sn21/localiser/fimox-dyn/FIMOx0019_501_PIH1T2ME_corSENSE.e02_split1.nii.gz,/home/sn21/localiser/fimox-dyn/FIMOx0019_5_mask_JSAA.nii.gz
/home/sn21/localiser/fimox-dyn/FIMOx0019_501_PIH1T2ME_corSENSE.e03_split1.nii.gz,/home/sn21/localiser/fimox-dyn/FIMOx0019_5_mask_JSAA.nii.gz
/home/sn21/localiser/fimox-dyn/FIMOx0020_501_PIH1T2ME_corSENSE.e01_split1.nii.gz,/home/sn21/localiser/fimox-dyn/FIMOx0020_5_mask_JSAA.nii.gz
/home/sn21/localiser/fimox-dyn/FIMOx0020_501_PIH1T2ME_corSENSE.e02_split1.nii.gz,/home/sn21/localiser/fimox-dyn/FIMOx0020_5_mask_JSAA.nii.gz
/home/sn21/localiser/fimox-dyn/FIMOx0020_501_PIH1T2ME_corSENSE.e03_split1.nii.gz,/home/sn21/localiser/fimox-dyn/FIMOx0020_5_mask_JSAA.nii.gz
/home/sn21/localiser/fimox-dyn/FIMOx0022_601_PIH2T2ME_corSENSE.e01_split1.nii.gz,/home/sn21/localiser/fimox-dyn/FIMOx0022_6_mask_JSAA.nii.gz
/home/sn21/localiser/fimox-dyn/FIMOx0022_601_PIH2T2ME_corSENSE.e02_split1.nii.gz,/home/sn21/localiser/fimox-dyn/FIMOx0022_6_mask_JSAA.nii.gz
/home/sn21/localiser/fimox-dyn/FIMOx0022_601_PIH2T2ME_corSENSE.e03_split1.nii.gz,/home/sn21/localiser/fimox-dyn/FIMOx0022_6_mask_JSAA.nii.gz
/home/sn21/localiser/fimox-dyn/FIMOx0024_501_PIH2T2ME_corSENSE.e01_split1.nii.gz,/home/sn21/localiser/fimox-dyn/FIMOx0024_5_mask_JSAA_split1.nii.gz
/home/sn21/localiser/fimox-dyn/FIMOx0024_501_PIH2T2ME_corSENSE.e02_split1.nii.gz,/home/sn21/localiser/fimox-dyn/FIMOx0024_5_mask_JSAA_split1.nii.gz
/home/sn21/localiser/fimox-dyn/FIMOx0024_501_PIH2T2ME_corSENSE.e03_split1.nii.gz,/home/sn21/localiser/fimox-dyn/FIMOx0024_5_mask_JSAA_split1.nii.gz
/home/sn21/localiser/fimox-dyn/FIMOx0025_501_PIH2T2ME_corSENSE.e01_split1.nii.gz,/home/sn21/localiser/fimox-dyn/FIMOx0025_5_mask_JSAA_split1.nii.gz
/home/sn21/localiser/fimox-dyn/FIMOx0025_501_PIH2T2ME_corSENSE.e02_split1.nii.gz,/home/sn21/localiser/fimox-dyn/FIMOx0025_5_mask_JSAA_split1.nii.gz
/home/sn21/localiser/fimox-dyn/FIMOx0025_501_PIH2T2ME_corSENSE.e03_split1.nii.gz,/home/sn21/localiser/fimox-dyn/FIMOx0025_5_mask_JSAA_split1.nii.gz
/home/sn21/localiser/fimox-dyn/FIMOx0026_501_PIH2T2ME_corSENSE.e01_split1.nii.gz,/home/sn21/localiser/fimox-dyn/FIMOx0026_5_mask_JSAA_split1.nii.gz
/home/sn21/localiser/fimox-dyn/FIMOx0026_501_PIH2T2ME_corSENSE.e02_split1.nii.gz,/home/sn21/localiser/fimox-dyn/FIMOx0026_5_mask_JSAA_split1.nii.gz
/home/sn21/localiser/fimox-dyn/FIMOx0026_501_PIH2T2ME_corSENSE.e03_split1.nii.gz,/home/sn21/localiser/fimox-dyn/FIMOx0026_5_mask_JSAA_split1.nii.gz
/home/sn21/localiser/data-3T/presto000202/202201190938_PHILIPSECA816E_1401_pip5T2ME_2SENSEp1o1.e01.nii.gz,/home/sn21/localiser/data-3T/presto000202_14_mask_AA.nii.gz
/home/sn21/localiser/data-3T/presto000202/202201190938_PHILIPSECA816E_1401_pip5T2ME_2SENSEp1o1.e02.nii.gz,/home/sn21/localiser/data-3T/presto000202_14_mask_AA.nii.gz
/home/sn21/localiser/data-3T/presto000202/202201190938_PHILIPSECA816E_1401_pip5T2ME_2SENSEp1o1.e03.nii.gz,/home/sn21/localiser/data-3T/presto000202_14_mask_AA.nii.gz
/home/sn21/localiser/data-3T/presto000202/202201190938_PHILIPSECA816E_1401_pip5T2ME_2SENSEp1o1.e04.nii.gz,/home/sn21/localiser/data-3T/presto000202_14_mask_AA.nii.gz
/home/sn21/localiser/data-3T/presto000202/202201190938_PHILIPSECA816E_1401_pip5T2ME_2SENSEp1o1.e05.nii.gz,/home/sn21/localiser/data-3T/presto000202_14_mask_AA.nii.gz
/home/sn21/localiser/pip/pip0089/201801311139_PHILIPSECA816E_2001_sf7T2ME_3SENSEp1o0/201801311139_PHILIPSECA816E_2001_sf7T2ME_3SENSEp1o0.e01.nii.gz,/home/sn21/localiser/pip/pip0089_20_mask_AA.nii.gz
/home/sn21/localiser/pip/pip0089/201801311139_PHILIPSECA816E_2001_sf7T2ME_3SENSEp1o0/201801311139_PHILIPSECA816E_2001_sf7T2ME_3SENSEp1o0.e02.nii.gz,/home/sn21/localiser/pip/pip0089_20_mask_AA.nii.gz
/home/sn21/localiser/pip/pip0089/201801311139_PHILIPSECA816E_2001_sf7T2ME_3SENSEp1o0/201801311139_PHILIPSECA816E_2001_sf7T2ME_3SENSEp1o0.e03.nii.gz,/home/sn21/localiser/pip/pip0089_20_mask_AA.nii.gz
/home/sn21/localiser/pip/pip0089/201801311139_PHILIPSECA816E_2001_sf7T2ME_3SENSEp1o0/201801311139_PHILIPSECA816E_2001_sf7T2ME_3SENSEp1o0.e04.nii.gz,/home/sn21/localiser/pip/pip0089_20_mask_AA.nii.gz
/home/sn21/localiser/pip/pip0089/201801311139_PHILIPSECA816E_2001_sf7T2ME_3SENSEp1o0/201801311139_PHILIPSECA816E_2001_sf7T2ME_3SENSEp1o0.e05.nii.gz,/home/sn21/localiser/pip/pip0089_20_mask_AA.nii.gz
/home/sn21/localiser/pip/pip0099/201803021133_PHILIPSECA816E_2601_f4T2ME_3SENSEp1o0/201803021133_PHILIPSECA816E_2601_f4T2ME_3SENSEp1o0.e01.nii.gz,/home/sn21/localiser/pip/pip0099_26_mask_AA.nii.gz
/home/sn21/localiser/pip/pip0099/201803021133_PHILIPSECA816E_2601_f4T2ME_3SENSEp1o0/201803021133_PHILIPSECA816E_2601_f4T2ME_3SENSEp1o0.e02.nii.gz,/home/sn21/localiser/pip/pip0099_26_mask_AA.nii.gz
/home/sn21/localiser/pip/pip0099/201803021133_PHILIPSECA816E_2601_f4T2ME_3SENSEp1o0/201803021133_PHILIPSECA816E_2601_f4T2ME_3SENSEp1o0.e03.nii.gz,/home/sn21/localiser/pip/pip0099_26_mask_AA.nii.gz
/home/sn21/localiser/pip/pip0099/201803021133_PHILIPSECA816E_2601_f4T2ME_3SENSEp1o0/201803021133_PHILIPSECA816E_2601_f4T2ME_3SENSEp1o0.e04.nii.gz,/home/sn21/localiser/pip/pip0099_26_mask_AA.nii.gz
/home/sn21/localiser/pip/pip0099/201803021133_PHILIPSECA816E_2601_f4T2ME_3SENSEp1o0/201803021133_PHILIPSECA816E_2601_f4T2ME_3SENSEp1o0.e05.nii.gz,/home/sn21/localiser/pip/pip0099_26_mask_AA.nii.gz
/home/sn21/localiser/pip/pip0106/201803140924_PHILIPSECA816E_1301_zs3T2ME_25SENSEp1o0/201803140924_PHILIPSECA816E_1301_zs3T2ME_25SENSEp1o0.e01.nii.gz,/home/sn21/localiser/pip/pip0106_13_mask_AA.nii.gz
/home/sn21/localiser/pip/pip0106/201803140924_PHILIPSECA816E_1301_zs3T2ME_25SENSEp1o0/201803140924_PHILIPSECA816E_1301_zs3T2ME_25SENSEp1o0.e02.nii.gz,/home/sn21/localiser/pip/pip0106_13_mask_AA.nii.gz
/home/sn21/localiser/pip/pip0106/201803140924_PHILIPSECA816E_1301_zs3T2ME_25SENSEp1o0/201803140924_PHILIPSECA816E_1301_zs3T2ME_25SENSEp1o0.e03.nii.gz,/home/sn21/localiser/pip/pip0106_13_mask_AA.nii.gz
/home/sn21/localiser/pip/pip0106/201803140924_PHILIPSECA816E_1301_zs3T2ME_25SENSEp1o0/201803140924_PHILIPSECA816E_1301_zs3T2ME_25SENSEp1o0.e04.nii.gz,/home/sn21/localiser/pip/pip0106_13_mask_AA.nii.gz
/home/sn21/localiser/pip/pip0106/201803140924_PHILIPSECA816E_1301_zs3T2ME_25SENSEp1o0/201803140924_PHILIPSECA816E_1301_zs3T2ME_25SENSEp1o0.e05.nii.gz,/home/sn21/localiser/pip/pip0106_13_mask_AA.nii.gz
/home/sn21/localiser/pip/pip0116/201804050944_PHILIPSECA816E_2601_f4T2ME_3SENSEp1o0/201804050944_PHILIPSECA816E_2601_f4T2ME_3SENSEp1o0.e01.nii.gz,/home/sn21/localiser/pip/pip0116_26_mask_AA.nii.gz
/home/sn21/localiser/pip/pip0116/201804050944_PHILIPSECA816E_2601_f4T2ME_3SENSEp1o0/201804050944_PHILIPSECA816E_2601_f4T2ME_3SENSEp1o0.e02.nii.gz,/home/sn21/localiser/pip/pip0116_26_mask_AA.nii.gz
/home/sn21/localiser/pip/pip0116/201804050944_PHILIPSECA816E_2601_f4T2ME_3SENSEp1o0/201804050944_PHILIPSECA816E_2601_f4T2ME_3SENSEp1o0.e03.nii.gz,/home/sn21/localiser/pip/pip0116_26_mask_AA.nii.gz
/home/sn21/localiser/pip/pip0116/201804050944_PHILIPSECA816E_2601_f4T2ME_3SENSEp1o0/201804050944_PHILIPSECA816E_2601_f4T2ME_3SENSEp1o0.e04.nii.gz,/home/sn21/localiser/pip/pip0116_26_mask_AA.nii.gz
/home/sn21/localiser/pip/pip0116/201804050944_PHILIPSECA816E_2601_f4T2ME_3SENSEp1o0/201804050944_PHILIPSECA816E_2601_f4T2ME_3SENSEp1o0.e05.nii.gz,/home/sn21/localiser/pip/pip0116_26_mask_AA.nii.gz
/home/sn21/localiser/pip/pip0118/201804260944_PHILIPSECA816E_2701_pip4T2ME_3SENSEp1o0p1o0/201804260944_PHILIPSECA816E_2701_pip4T2ME_3SENSEp1o0p1o0.e01.nii.gz,/home/sn21/localiser/pip/pip0118_27_mask_AA.nii.gz
/home/sn21/localiser/pip/pip0118/201804260944_PHILIPSECA816E_2701_pip4T2ME_3SENSEp1o0p1o0/201804260944_PHILIPSECA816E_2701_pip4T2ME_3SENSEp1o0p1o0.e02.nii.gz,/home/sn21/localiser/pip/pip0118_27_mask_AA.nii.gz
/home/sn21/localiser/pip/pip0118/201804260944_PHILIPSECA816E_2701_pip4T2ME_3SENSEp1o0p1o0/201804260944_PHILIPSECA816E_2701_pip4T2ME_3SENSEp1o0p1o0.e03.nii.gz,/home/sn21/localiser/pip/pip0118_27_mask_AA.nii.gz
/home/sn21/localiser/pip/pip0118/201804260944_PHILIPSECA816E_2701_pip4T2ME_3SENSEp1o0p1o0/201804260944_PHILIPSECA816E_2701_pip4T2ME_3SENSEp1o0p1o0.e04.nii.gz,/home/sn21/localiser/pip/pip0118_27_mask_AA.nii.gz
/home/sn21/localiser/pip/pip0118/201804260944_PHILIPSECA816E_2701_pip4T2ME_3SENSEp1o0p1o0/201804260944_PHILIPSECA816E_2701_pip4T2ME_3SENSEp1o0p1o0.e05.nii.gz,/home/sn21/localiser/pip/pip0118_27_mask_AA.nii.gz
/home/sn21/localiser/pip/pip0119/201804261137_PHILIPSECA816E_2701_f4T2ME_3SENSEp1o0/201804261137_PHILIPSECA816E_2701_f4T2ME_3SENSEp1o0.e01.nii.gz,/home/sn21/localiser/pip/pip0119_27_mask_AA.nii.gz
/home/sn21/localiser/pip/pip0119/201804261137_PHILIPSECA816E_2701_f4T2ME_3SENSEp1o0/201804261137_PHILIPSECA816E_2701_f4T2ME_3SENSEp1o0.e02.nii.gz,/home/sn21/localiser/pip/pip0119_27_mask_AA.nii.gz
/home/sn21/localiser/pip/pip0119/201804261137_PHILIPSECA816E_2701_f4T2ME_3SENSEp1o0/201804261137_PHILIPSECA816E_2701_f4T2ME_3SENSEp1o0.e03.nii.gz,/home/sn21/localiser/pip/pip0119_27_mask_AA.nii.gz
/home/sn21/localiser/pip/pip0119/201804261137_PHILIPSECA816E_2701_f4T2ME_3SENSEp1o0/201804261137_PHILIPSECA816E_2701_f4T2ME_3SENSEp1o0.e04.nii.gz,/home/sn21/localiser/pip/pip0119_27_mask_AA.nii.gz
/home/sn21/localiser/pip/pip0119/201804261137_PHILIPSECA816E_2701_f4T2ME_3SENSEp1o0/201804261137_PHILIPSECA816E_2701_f4T2ME_3SENSEp1o0.e05.nii.gz,/home/sn21/localiser/pip/pip0119_27_mask_AA.nii.gz
/home/sn21/localiser/pip/pip0137/201805310950_PHILIPSECA816E_1301_zs3T2ME_3SENSEp1o0/201805310950_PHILIPSECA816E_1301_zs3T2ME_3SENSEp1o0.e01.nii.gz,/home/sn21/localiser/pip/pip0137_13_mask_AA.nii.gz
/home/sn21/localiser/pip/pip0137/201805310950_PHILIPSECA816E_1301_zs3T2ME_3SENSEp1o0/201805310950_PHILIPSECA816E_1301_zs3T2ME_3SENSEp1o0.e02.nii.gz,/home/sn21/localiser/pip/pip0137_13_mask_AA.nii.gz
/home/sn21/localiser/pip/pip0137/201805310950_PHILIPSECA816E_1301_zs3T2ME_3SENSEp1o0/201805310950_PHILIPSECA816E_1301_zs3T2ME_3SENSEp1o0.e03.nii.gz,/home/sn21/localiser/pip/pip0137_13_mask_AA.nii.gz
/home/sn21/localiser/pip/pip0137/201805310950_PHILIPSECA816E_1301_zs3T2ME_3SENSEp1o0/201805310950_PHILIPSECA816E_1301_zs3T2ME_3SENSEp1o0.e04.nii.gz,/home/sn21/localiser/pip/pip0137_13_mask_AA.nii.gz
/home/sn21/localiser/pip/pip0137/201805310950_PHILIPSECA816E_1301_zs3T2ME_3SENSEp1o0/201805310950_PHILIPSECA816E_1301_zs3T2ME_3SENSEp1o0.e05.nii.gz,/home/sn21/localiser/pip/pip0137_13_mask_AA.nii.gz
/home/sn21/localiser/pip/pip0146/201806281158_PHILIPSECA816E_1401_aslu4T2ME_3SENSEp1o0/201806281158_PHILIPSECA816E_1401_aslu4T2ME_3SENSEp1o0.e01.nii.gz,/home/sn21/localiser/pip/pip0146_14_mask_AA.nii.gz
/home/sn21/localiser/pip/pip0146/201806281158_PHILIPSECA816E_1401_aslu4T2ME_3SENSEp1o0/201806281158_PHILIPSECA816E_1401_aslu4T2ME_3SENSEp1o0.e02.nii.gz,/home/sn21/localiser/pip/pip0146_14_mask_AA.nii.gz
/home/sn21/localiser/pip/pip0146/201806281158_PHILIPSECA816E_1401_aslu4T2ME_3SENSEp1o0/201806281158_PHILIPSECA816E_1401_aslu4T2ME_3SENSEp1o0.e03.nii.gz,/home/sn21/localiser/pip/pip0146_14_mask_AA.nii.gz
/home/sn21/localiser/pip/pip0146/201806281158_PHILIPSECA816E_1401_aslu4T2ME_3SENSEp1o0/201806281158_PHILIPSECA816E_1401_aslu4T2ME_3SENSEp1o0.e04.nii.gz,/home/sn21/localiser/pip/pip0146_14_mask_AA.nii.gz
/home/sn21/localiser/pip/pip0146/201806281158_PHILIPSECA816E_1401_aslu4T2ME_3SENSEp1o0/201806281158_PHILIPSECA816E_1401_aslu4T2ME_3SENSEp1o0.e05.nii.gz,/home/sn21/localiser/pip/pip0146_14_mask_AA.nii.gz
/home/sn21/localiser/pip/pip0147/201806281342_PHILIPSECA816E_1201_aslu4T2ME_3SENSEp1o0/201806281342_PHILIPSECA816E_1201_aslu4T2ME_3SENSEp1o0.e01.nii.gz,/home/sn21/localiser/pip/pip0147_12_mask_AA.nii.gz
/home/sn21/localiser/pip/pip0147/201806281342_PHILIPSECA816E_1201_aslu4T2ME_3SENSEp1o0/201806281342_PHILIPSECA816E_1201_aslu4T2ME_3SENSEp1o0.e02.nii.gz,/home/sn21/localiser/pip/pip0147_12_mask_AA.nii.gz
/home/sn21/localiser/pip/pip0147/201806281342_PHILIPSECA816E_1201_aslu4T2ME_3SENSEp1o0/201806281342_PHILIPSECA816E_1201_aslu4T2ME_3SENSEp1o0.e03.nii.gz,/home/sn21/localiser/pip/pip0147_12_mask_AA.nii.gz
/home/sn21/localiser/pip/pip0147/201806281342_PHILIPSECA816E_1201_aslu4T2ME_3SENSEp1o0/201806281342_PHILIPSECA816E_1201_aslu4T2ME_3SENSEp1o0.e04.nii.gz,/home/sn21/localiser/pip/pip0147_12_mask_AA.nii.gz
/home/sn21/localiser/pip/pip0147/201806281342_PHILIPSECA816E_1201_aslu4T2ME_3SENSEp1o0/201806281342_PHILIPSECA816E_1201_aslu4T2ME_3SENSEp1o0.e05.nii.gz,/home/sn21/localiser/pip/pip0147_12_mask_AA.nii.gz
/home/sn21/localiser/pip/pip0150/201807061150_PHILIPSECA816E_1301_aslu4T2ME_3SENSEp1o0/201807061150_PHILIPSECA816E_1301_aslu4T2ME_3SENSEp1o0.e01.nii.gz,/home/sn21/localiser/pip/pip0150_13_mask_AA.nii.gz
/home/sn21/localiser/pip/pip0150/201807061150_PHILIPSECA816E_1301_aslu4T2ME_3SENSEp1o0/201807061150_PHILIPSECA816E_1301_aslu4T2ME_3SENSEp1o0.e02.nii.gz,/home/sn21/localiser/pip/pip0150_13_mask_AA.nii.gz
/home/sn21/localiser/pip/pip0150/201807061150_PHILIPSECA816E_1301_aslu4T2ME_3SENSEp1o0/201807061150_PHILIPSECA816E_1301_aslu4T2ME_3SENSEp1o0.e03.nii.gz,/home/sn21/localiser/pip/pip0150_13_mask_AA.nii.gz
/home/sn21/localiser/pip/pip0150/201807061150_PHILIPSECA816E_1301_aslu4T2ME_3SENSEp1o0/201807061150_PHILIPSECA816E_1301_aslu4T2ME_3SENSEp1o0.e04.nii.gz,/home/sn21/localiser/pip/pip0150_13_mask_AA.nii.gz
/home/sn21/localiser/pip/pip0150/201807061150_PHILIPSECA816E_1301_aslu4T2ME_3SENSEp1o0/201807061150_PHILIPSECA816E_1301_aslu4T2ME_3SENSEp1o0.e05.nii.gz,/home/sn21/localiser/pip/pip0150_13_mask_AA.nii.gz
/home/sn21/localiser/pip/pip0155/201807260917_PHILIPSECA816E_3101_aslu4T2ME_3SENSEp1o0/201807260917_PHILIPSECA816E_3101_aslu4T2ME_3SENSEp1o0.e01.nii.gz,/home/sn21/localiser/pip/pip0155_31_mask_AA.nii.gz
/home/sn21/localiser/pip/pip0155/201807260917_PHILIPSECA816E_3101_aslu4T2ME_3SENSEp1o0/201807260917_PHILIPSECA816E_3101_aslu4T2ME_3SENSEp1o0.e02.nii.gz,/home/sn21/localiser/pip/pip0155_31_mask_AA.nii.gz
/home/sn21/localiser/pip/pip0155/201807260917_PHILIPSECA816E_3101_aslu4T2ME_3SENSEp1o0/201807260917_PHILIPSECA816E_3101_aslu4T2ME_3SENSEp1o0.e03.nii.gz,/home/sn21/localiser/pip/pip0155_31_mask_AA.nii.gz
/home/sn21/localiser/pip/pip0155/201807260917_PHILIPSECA816E_3101_aslu4T2ME_3SENSEp1o0/201807260917_PHILIPSECA816E_3101_aslu4T2ME_3SENSEp1o0.e04.nii.gz,/home/sn21/localiser/pip/pip0155_31_mask_AA.nii.gz
/home/sn21/localiser/pip/pip0155/201807260917_PHILIPSECA816E_3101_aslu4T2ME_3SENSEp1o0/201807260917_PHILIPSECA816E_3101_aslu4T2ME_3SENSEp1o0.e05.nii.gz,/home/sn21/localiser/pip/pip0155_31_mask_AA.nii.gz
/home/sn21/localiser/pip/pip0161/201808210949_PHILIPSECA816E_1201_aslu4T2ME_3SENSEp1o0/201808210949_PHILIPSECA816E_1201_aslu4T2ME_3SENSEp1o0.e01.nii.gz,/home/sn21/localiser/pip/pip0161_12_mask_AA.nii.gz
/home/sn21/localiser/pip/pip0161/201808210949_PHILIPSECA816E_1201_aslu4T2ME_3SENSEp1o0/201808210949_PHILIPSECA816E_1201_aslu4T2ME_3SENSEp1o0.e02.nii.gz,/home/sn21/localiser/pip/pip0161_12_mask_AA.nii.gz
/home/sn21/localiser/pip/pip0161/201808210949_PHILIPSECA816E_1201_aslu4T2ME_3SENSEp1o0/201808210949_PHILIPSECA816E_1201_aslu4T2ME_3SENSEp1o0.e03.nii.gz,/home/sn21/localiser/pip/pip0161_12_mask_AA.nii.gz
/home/sn21/localiser/pip/pip0161/201808210949_PHILIPSECA816E_1201_aslu4T2ME_3SENSEp1o0/201808210949_PHILIPSECA816E_1201_aslu4T2ME_3SENSEp1o0.e04.nii.gz,/home/sn21/localiser/pip/pip0161_12_mask_AA.nii.gz
/home/sn21/localiser/pip/pip0161/201808210949_PHILIPSECA816E_1201_aslu4T2ME_3SENSEp1o0/201808210949_PHILIPSECA816E_1201_aslu4T2ME_3SENSEp1o0.e05.nii.gz,/home/sn21/localiser/pip/pip0161_12_mask_AA.nii.gz
/home/sn21/localiser/pip/pip0166/201809041138_PHILIPSECA816E_1201_aslu5T2ME_3SENSEp1o0/201809041138_PHILIPSECA816E_1201_aslu5T2ME_3SENSEp1o0.e01.nii.gz,/home/sn21/localiser/pip/pip0166_12_mask_AA.nii.gz
/home/sn21/localiser/pip/pip0166/201809041138_PHILIPSECA816E_1201_aslu5T2ME_3SENSEp1o0/201809041138_PHILIPSECA816E_1201_aslu5T2ME_3SENSEp1o0.e02.nii.gz,/home/sn21/localiser/pip/pip0166_12_mask_AA.nii.gz
/home/sn21/localiser/pip/pip0166/201809041138_PHILIPSECA816E_1201_aslu5T2ME_3SENSEp1o0/201809041138_PHILIPSECA816E_1201_aslu5T2ME_3SENSEp1o0.e03.nii.gz,/home/sn21/localiser/pip/pip0166_12_mask_AA.nii.gz
/home/sn21/localiser/pip/pip0166/201809041138_PHILIPSECA816E_1201_aslu5T2ME_3SENSEp1o0/201809041138_PHILIPSECA816E_1201_aslu5T2ME_3SENSEp1o0.e04.nii.gz,/home/sn21/localiser/pip/pip0166_12_mask_AA.nii.gz
/home/sn21/localiser/pip/pip0166/201809041138_PHILIPSECA816E_1201_aslu5T2ME_3SENSEp1o0/201809041138_PHILIPSECA816E_1201_aslu5T2ME_3SENSEp1o0.e05.nii.gz,/home/sn21/localiser/pip/pip0166_12_mask_AA.nii.gz
/home/sn21/localiser/pip/pip0178/201810081117_PHILIPSECA816E_1201_aslu8T2ME_3SENSEp1o0/201810081117_PHILIPSECA816E_1201_aslu8T2ME_3SENSEp1o0.e01.nii.gz,/home/sn21/localiser/pip/pip0178_12_mask_AA.nii.gz
/home/sn21/localiser/pip/pip0178/201810081117_PHILIPSECA816E_1201_aslu8T2ME_3SENSEp1o0/201810081117_PHILIPSECA816E_1201_aslu8T2ME_3SENSEp1o0.e02.nii.gz,/home/sn21/localiser/pip/pip0178_12_mask_AA.nii.gz
/home/sn21/localiser/pip/pip0178/201810081117_PHILIPSECA816E_1201_aslu8T2ME_3SENSEp1o0/201810081117_PHILIPSECA816E_1201_aslu8T2ME_3SENSEp1o0.e03.nii.gz,/home/sn21/localiser/pip/pip0178_12_mask_AA.nii.gz
/home/sn21/localiser/pip/pip0178/201810081117_PHILIPSECA816E_1201_aslu8T2ME_3SENSEp1o0/201810081117_PHILIPSECA816E_1201_aslu8T2ME_3SENSEp1o0.e04.nii.gz,/home/sn21/localiser/pip/pip0178_12_mask_AA.nii.gz
/home/sn21/localiser/pip/pip0178/201810081117_PHILIPSECA816E_1201_aslu8T2ME_3SENSEp1o0/201810081117_PHILIPSECA816E_1201_aslu8T2ME_3SENSEp1o0.e05.nii.gz,/home/sn21/localiser/pip/pip0178_12_mask_AA.nii.gz
/home/sn21/localiser/pip/pip0179/201810090959_PHILIPSECA816E_1201_aslu8T2ME_3SENSEp1o0/201810090959_PHILIPSECA816E_1201_aslu8T2ME_3SENSEp1o0.e01.nii.gz,/home/sn21/localiser/pip/pip0179_12_mask_AA.nii.gz
/home/sn21/localiser/pip/pip0179/201810090959_PHILIPSECA816E_1201_aslu8T2ME_3SENSEp1o0/201810090959_PHILIPSECA816E_1201_aslu8T2ME_3SENSEp1o0.e02.nii.gz,/home/sn21/localiser/pip/pip0179_12_mask_AA.nii.gz
/home/sn21/localiser/pip/pip0179/201810090959_PHILIPSECA816E_1201_aslu8T2ME_3SENSEp1o0/201810090959_PHILIPSECA816E_1201_aslu8T2ME_3SENSEp1o0.e03.nii.gz,/home/sn21/localiser/pip/pip0179_12_mask_AA.nii.gz
/home/sn21/localiser/pip/pip0179/201810090959_PHILIPSECA816E_1201_aslu8T2ME_3SENSEp1o0/201810090959_PHILIPSECA816E_1201_aslu8T2ME_3SENSEp1o0.e04.nii.gz,/home/sn21/localiser/pip/pip0179_12_mask_AA.nii.gz
/home/sn21/localiser/pip/pip0179/201810090959_PHILIPSECA816E_1201_aslu8T2ME_3SENSEp1o0/201810090959_PHILIPSECA816E_1201_aslu8T2ME_3SENSEp1o0.e05.nii.gz,/home/sn21/localiser/pip/pip0179_12_mask_AA.nii.gz
/home/sn21/localiser/pip/pip0187/201811131132_PHILIPSECA816E_1201_aslu8T2ME_3SENSEp1o0/201811131132_PHILIPSECA816E_1201_aslu8T2ME_3SENSEp1o0.e01.nii.gz,/home/sn21/localiser/pip/pip0187_12_mask_AA.nii.gz
/home/sn21/localiser/pip/pip0187/201811131132_PHILIPSECA816E_1201_aslu8T2ME_3SENSEp1o0/201811131132_PHILIPSECA816E_1201_aslu8T2ME_3SENSEp1o0.e02.nii.gz,/home/sn21/localiser/pip/pip0187_12_mask_AA.nii.gz
/home/sn21/localiser/pip/pip0187/201811131132_PHILIPSECA816E_1201_aslu8T2ME_3SENSEp1o0/201811131132_PHILIPSECA816E_1201_aslu8T2ME_3SENSEp1o0.e03.nii.gz,/home/sn21/localiser/pip/pip0187_12_mask_AA.nii.gz
/home/sn21/localiser/pip/pip0187/201811131132_PHILIPSECA816E_1201_aslu8T2ME_3SENSEp1o0/201811131132_PHILIPSECA816E_1201_aslu8T2ME_3SENSEp1o0.e04.nii.gz,/home/sn21/localiser/pip/pip0187_12_mask_AA.nii.gz
/home/sn21/localiser/pip/pip0187/201811131132_PHILIPSECA816E_1201_aslu8T2ME_3SENSEp1o0/201811131132_PHILIPSECA816E_1201_aslu8T2ME_3SENSEp1o0.e05.nii.gz,/home/sn21/localiser/pip/pip0187_12_mask_AA.nii.gz
/home/sn21/localiser/pip/pip0190/201812041144_PHILIPSECA816E_1201_aslu8T2ME_3SENSEp1o0/201812041144_PHILIPSECA816E_1201_aslu8T2ME_3SENSEp1o0.e01.nii.gz,/home/sn21/localiser/pip/pip0190_12_mask_AA.nii.gz
/home/sn21/localiser/pip/pip0190/201812041144_PHILIPSECA816E_1201_aslu8T2ME_3SENSEp1o0/201812041144_PHILIPSECA816E_1201_aslu8T2ME_3SENSEp1o0.e02.nii.gz,/home/sn21/localiser/pip/pip0190_12_mask_AA.nii.gz
/home/sn21/localiser/pip/pip0190/201812041144_PHILIPSECA816E_1201_aslu8T2ME_3SENSEp1o0/201812041144_PHILIPSECA816E_1201_aslu8T2ME_3SENSEp1o0.e03.nii.gz,/home/sn21/localiser/pip/pip0190_12_mask_AA.nii.gz
/home/sn21/localiser/pip/pip0190/201812041144_PHILIPSECA816E_1201_aslu8T2ME_3SENSEp1o0/201812041144_PHILIPSECA816E_1201_aslu8T2ME_3SENSEp1o0.e04.nii.gz,/home/sn21/localiser/pip/pip0190_12_mask_AA.nii.gz
/home/sn21/localiser/pip/pip0190/201812041144_PHILIPSECA816E_1201_aslu8T2ME_3SENSEp1o0/201812041144_PHILIPSECA816E_1201_aslu8T2ME_3SENSEp1o0.e05.nii.gz,/home/sn21/localiser/pip/pip0190_12_mask_AA.nii.gz
/home/sn21/localiser/pip/pip0208/201903061211_PHILIPSECA816E_2001_aslu8T2ME_3SENSEp1o1/201903061211_PHILIPSECA816E_2001_aslu8T2ME_3SENSEp1o1.e01.nii.gz,/home/sn21/localiser/pip/pip0208_20_mask_AA.nii.gz
/home/sn21/localiser/pip/pip0208/201903061211_PHILIPSECA816E_2001_aslu8T2ME_3SENSEp1o1/201903061211_PHILIPSECA816E_2001_aslu8T2ME_3SENSEp1o1.e02.nii.gz,/home/sn21/localiser/pip/pip0208_20_mask_AA.nii.gz
/home/sn21/localiser/pip/pip0208/201903061211_PHILIPSECA816E_2001_aslu8T2ME_3SENSEp1o1/201903061211_PHILIPSECA816E_2001_aslu8T2ME_3SENSEp1o1.e03.nii.gz,/home/sn21/localiser/pip/pip0208_20_mask_AA.nii.gz
/home/sn21/localiser/pip/pip0208/201903061211_PHILIPSECA816E_2001_aslu8T2ME_3SENSEp1o1/201903061211_PHILIPSECA816E_2001_aslu8T2ME_3SENSEp1o1.e04.nii.gz,/home/sn21/localiser/pip/pip0208_20_mask_AA.nii.gz
/home/sn21/localiser/pip/pip0208/201903061211_PHILIPSECA816E_2001_aslu8T2ME_3SENSEp1o1/201903061211_PHILIPSECA816E_2001_aslu8T2ME_3SENSEp1o1.e05.nii.gz,/home/sn21/localiser/pip/pip0208_20_mask_AA.nii.gz
/home/sn21/localiser/pip/pip0209/201903120941_PHILIPSECA816E_1901_aslu8T2ME_3SENSEp1o1/201903120941_PHILIPSECA816E_1901_aslu8T2ME_3SENSEp1o1.e01.nii.gz,/home/sn21/localiser/pip/pip0209_19_mask_AA.nii.gz
/home/sn21/localiser/pip/pip0209/201903120941_PHILIPSECA816E_1901_aslu8T2ME_3SENSEp1o1/201903120941_PHILIPSECA816E_1901_aslu8T2ME_3SENSEp1o1.e02.nii.gz,/home/sn21/localiser/pip/pip0209_19_mask_AA.nii.gz
/home/sn21/localiser/pip/pip0209/201903120941_PHILIPSECA816E_1901_aslu8T2ME_3SENSEp1o1/201903120941_PHILIPSECA816E_1901_aslu8T2ME_3SENSEp1o1.e03.nii.gz,/home/sn21/localiser/pip/pip0209_19_mask_AA.nii.gz
/home/sn21/localiser/pip/pip0209/201903120941_PHILIPSECA816E_1901_aslu8T2ME_3SENSEp1o1/201903120941_PHILIPSECA816E_1901_aslu8T2ME_3SENSEp1o1.e04.nii.gz,/home/sn21/localiser/pip/pip0209_19_mask_AA.nii.gz
/home/sn21/localiser/pip/pip0209/201903120941_PHILIPSECA816E_1901_aslu8T2ME_3SENSEp1o1/201903120941_PHILIPSECA816E_1901_aslu8T2ME_3SENSEp1o1.e05.nii.gz,/home/sn21/localiser/pip/pip0209_19_mask_AA.nii.gz
/home/sn21/localiser/pip/pip0221/201904180949_PHILIPSECA816E_1201_pip5T2ME_3SENSEp1o1/201904180949_PHILIPSECA816E_1201_pip5T2ME_3SENSEp1o1.e01.nii.gz,/home/sn21/localiser/pip/pip0221_12_mask_AA.nii.gz
/home/sn21/localiser/pip/pip0221/201904180949_PHILIPSECA816E_1201_pip5T2ME_3SENSEp1o1/201904180949_PHILIPSECA816E_1201_pip5T2ME_3SENSEp1o1.e02.nii.gz,/home/sn21/localiser/pip/pip0221_12_mask_AA.nii.gz
/home/sn21/localiser/pip/pip0221/201904180949_PHILIPSECA816E_1201_pip5T2ME_3SENSEp1o1/201904180949_PHILIPSECA816E_1201_pip5T2ME_3SENSEp1o1.e03.nii.gz,/home/sn21/localiser/pip/pip0221_12_mask_AA.nii.gz
/home/sn21/localiser/pip/pip0221/201904180949_PHILIPSECA816E_1201_pip5T2ME_3SENSEp1o1/201904180949_PHILIPSECA816E_1201_pip5T2ME_3SENSEp1o1.e04.nii.gz,/home/sn21/localiser/pip/pip0221_12_mask_AA.nii.gz
/home/sn21/localiser/pip/pip0221/201904180949_PHILIPSECA816E_1201_pip5T2ME_3SENSEp1o1/201904180949_PHILIPSECA816E_1201_pip5T2ME_3SENSEp1o1.e05.nii.gz,/home/sn21/localiser/pip/pip0221_12_mask_AA.nii.gz
/home/sn21/localiser/pip/pip0236/201906191136_PHILIPSECA816E_1601_pip5T2ME_3SENSEp1o1/201906191136_PHILIPSECA816E_1601_pip5T2ME_3SENSEp1o1.e01.nii.gz,/home/sn21/localiser/pip/pip0236_16_mask_AA.nii.gz
/home/sn21/localiser/pip/pip0236/201906191136_PHILIPSECA816E_1601_pip5T2ME_3SENSEp1o1/201906191136_PHILIPSECA816E_1601_pip5T2ME_3SENSEp1o1.e02.nii.gz,/home/sn21/localiser/pip/pip0236_16_mask_AA.nii.gz
/home/sn21/localiser/pip/pip0236/201906191136_PHILIPSECA816E_1601_pip5T2ME_3SENSEp1o1/201906191136_PHILIPSECA816E_1601_pip5T2ME_3SENSEp1o1.e03.nii.gz,/home/sn21/localiser/pip/pip0236_16_mask_AA.nii.gz
/home/sn21/localiser/pip/pip0236/201906191136_PHILIPSECA816E_1601_pip5T2ME_3SENSEp1o1/201906191136_PHILIPSECA816E_1601_pip5T2ME_3SENSEp1o1.e04.nii.gz,/home/sn21/localiser/pip/pip0236_16_mask_AA.nii.gz
/home/sn21/localiser/pip/pip0236/201906191136_PHILIPSECA816E_1601_pip5T2ME_3SENSEp1o1/201906191136_PHILIPSECA816E_1601_pip5T2ME_3SENSEp1o1.e05.nii.gz,/home/sn21/localiser/pip/pip0236_16_mask_AA.nii.gz
/home/sn21/localiser/pip/pip0254/201910011154_PHILIPSECA816E_2501_pip5T2ME_3SENSEp1o1/201910011154_PHILIPSECA816E_2501_pip5T2ME_3SENSEp1o1.e01.nii.gz,/home/sn21/localiser/pip/pip0254_25_mask_AA.nii.gz
/home/sn21/localiser/pip/pip0254/201910011154_PHILIPSECA816E_2501_pip5T2ME_3SENSEp1o1/201910011154_PHILIPSECA816E_2501_pip5T2ME_3SENSEp1o1.e02.nii.gz,/home/sn21/localiser/pip/pip0254_25_mask_AA.nii.gz
/home/sn21/localiser/pip/pip0254/201910011154_PHILIPSECA816E_2501_pip5T2ME_3SENSEp1o1/201910011154_PHILIPSECA816E_2501_pip5T2ME_3SENSEp1o1.e03.nii.gz,/home/sn21/localiser/pip/pip0254_25_mask_AA.nii.gz
/home/sn21/localiser/pip/pip0254/201910011154_PHILIPSECA816E_2501_pip5T2ME_3SENSEp1o1/201910011154_PHILIPSECA816E_2501_pip5T2ME_3SENSEp1o1.e04.nii.gz,/home/sn21/localiser/pip/pip0254_25_mask_AA.nii.gz
/home/sn21/localiser/pip/pip0254/201910011154_PHILIPSECA816E_2501_pip5T2ME_3SENSEp1o1/201910011154_PHILIPSECA816E_2501_pip5T2ME_3SENSEp1o1.e05.nii.gz,/home/sn21/localiser/pip/pip0254_25_mask_AA.nii.gz
/home/sn21/localiser/pip/young-gestation/pip0079/201712081133_PHILIPSECA816E_1001_f2T2ME_3SENSEp1o0.e01.nii.gz,/home/sn21/localiser/pip/young-gestation/pip0079_10_mask_AA.nii.gz
/home/sn21/localiser/pip/young-gestation/pip0079/201712081133_PHILIPSECA816E_1001_f2T2ME_3SENSEp1o0.e02.nii.gz,/home/sn21/localiser/pip/young-gestation/pip0079_10_mask_AA.nii.gz
/home/sn21/localiser/pip/young-gestation/pip0079/201712081133_PHILIPSECA816E_1001_f2T2ME_3SENSEp1o0.e03.nii.gz,/home/sn21/localiser/pip/young-gestation/pip0079_10_mask_AA.nii.gz
/home/sn21/localiser/pip/young-gestation/pip0079/201712081133_PHILIPSECA816E_1001_f2T2ME_3SENSEp1o0.e04.nii.gz,/home/sn21/localiser/pip/young-gestation/pip0079_10_mask_AA.nii.gz
/home/sn21/localiser/pip/young-gestation/pip0079/201712081133_PHILIPSECA816E_1001_f2T2ME_3SENSEp1o0.e05.nii.gz,/home/sn21/localiser/pip/young-gestation/pip0079_10_mask_AA.nii.gz
/home/sn21/localiser/pip/young-gestation/pip0518/pip0518_PIP_202210190933_PHILIPSECA816E_1201_pip5T2ME_2SENSEp1o1.e01.nii.gz,/home/sn21/localiser/pip/young-gestation/pip0518_12_mask_AA.nii.gz
/home/sn21/localiser/pip/young-gestation/pip0518/pip0518_PIP_202210190933_PHILIPSECA816E_1201_pip5T2ME_2SENSEp1o1.e02.nii.gz,/home/sn21/localiser/pip/young-gestation/pip0518_12_mask_AA.nii.gz
/home/sn21/localiser/pip/young-gestation/pip0518/pip0518_PIP_202210190933_PHILIPSECA816E_1201_pip5T2ME_2SENSEp1o1.e03.nii.gz,/home/sn21/localiser/pip/young-gestation/pip0518_12_mask_AA.nii.gz
/home/sn21/localiser/pip/young-gestation/pip0518/pip0518_PIP_202210190933_PHILIPSECA816E_1201_pip5T2ME_2SENSEp1o1.e04.nii.gz,/home/sn21/localiser/pip/young-gestation/pip0518_12_mask_AA.nii.gz
/home/sn21/localiser/pip/young-gestation/pip0518/pip0518_PIP_202210190933_PHILIPSECA816E_1201_pip5T2ME_2SENSEp1o1.e05.nii.gz,/home/sn21/localiser/pip/young-gestation/pip0518_12_mask_AA.nii.gz
/home/sn21/localiser/pip/young-gestation/pip0195/201901141144_PHILIPSECA816E_1101_aslu8T2ME_2SENSEp1o0.e01.nii.gz,/home/sn21/localiser/pip/young-gestation/pip0195_11_mask_AA.nii.gz
/home/sn21/localiser/pip/young-gestation/pip0195/201901141144_PHILIPSECA816E_1101_aslu8T2ME_2SENSEp1o0.e02.nii.gz,/home/sn21/localiser/pip/young-gestation/pip0195_11_mask_AA.nii.gz
/home/sn21/localiser/pip/young-gestation/pip0195/201901141144_PHILIPSECA816E_1101_aslu8T2ME_2SENSEp1o0.e03.nii.gz,/home/sn21/localiser/pip/young-gestation/pip0195_11_mask_AA.nii.gz
/home/sn21/localiser/pip/young-gestation/pip0195/201901141144_PHILIPSECA816E_1101_aslu8T2ME_2SENSEp1o0.e04.nii.gz,/home/sn21/localiser/pip/young-gestation/pip0195_11_mask_AA.nii.gz
/home/sn21/localiser/pip/young-gestation/pip0195/201901141144_PHILIPSECA816E_1101_aslu8T2ME_2SENSEp1o0.e05.nii.gz,/home/sn21/localiser/pip/young-gestation/pip0195_11_mask_AA.nii.gz
/home/sn21/localiser/pip/young-gestation/pip0215/201904020954_PHILIPSECA816E_1501_pip5T2ME_3SENSEp1o1.e01.nii.gz,/home/sn21/localiser/pip/young-gestation/pip0215_15_mask_AA.nii.gz
/home/sn21/localiser/pip/young-gestation/pip0215/201904020954_PHILIPSECA816E_1501_pip5T2ME_3SENSEp1o1.e02.nii.gz,/home/sn21/localiser/pip/young-gestation/pip0215_15_mask_AA.nii.gz
/home/sn21/localiser/pip/young-gestation/pip0215/201904020954_PHILIPSECA816E_1501_pip5T2ME_3SENSEp1o1.e03.nii.gz,/home/sn21/localiser/pip/young-gestation/pip0215_15_mask_AA.nii.gz
/home/sn21/localiser/pip/young-gestation/pip0215/201904020954_PHILIPSECA816E_1501_pip5T2ME_3SENSEp1o1.e04.nii.gz,/home/sn21/localiser/pip/young-gestation/pip0215_15_mask_AA.nii.gz
/home/sn21/localiser/pip/young-gestation/pip0215/201904020954_PHILIPSECA816E_1501_pip5T2ME_3SENSEp1o1.e05.nii.gz,/home/sn21/localiser/pip/young-gestation/pip0215_15_mask_AA.nii.gz
/home/sn21/localiser/pip/young-gestation/pip0280/280_PIP_202002180949_PHILIPSECA816E_1601_pip5T2ME_3_newSENSEp1o1.e01.nii.gz,/home/sn21/localiser/pip/young-gestation/pip0280_16_mask_AA.nii.gz
/home/sn21/localiser/pip/young-gestation/pip0280/280_PIP_202002180949_PHILIPSECA816E_1601_pip5T2ME_3_newSENSEp1o1.e02.nii.gz,/home/sn21/localiser/pip/young-gestation/pip0280_16_mask_AA.nii.gz
/home/sn21/localiser/pip/young-gestation/pip0280/280_PIP_202002180949_PHILIPSECA816E_1601_pip5T2ME_3_newSENSEp1o1.e03.nii.gz,/home/sn21/localiser/pip/young-gestation/pip0280_16_mask_AA.nii.gz
/home/sn21/localiser/pip/young-gestation/pip0280/280_PIP_202002180949_PHILIPSECA816E_1601_pip5T2ME_3_newSENSEp1o1.e04.nii.gz,/home/sn21/localiser/pip/young-gestation/pip0280_16_mask_AA.nii.gz
/home/sn21/localiser/pip/young-gestation/pip0280/280_PIP_202002180949_PHILIPSECA816E_1601_pip5T2ME_3_newSENSEp1o1.e05.nii.gz,/home/sn21/localiser/pip/young-gestation/pip0280_16_mask_AA.nii.gz
/home/sn21/localiser/pip/young-gestation/pip0281/202002131533_PHILIPSECA816E_1201_pip5T2ME_2SENSEp1o1.e01.nii.gz,/home/sn21/localiser/pip/young-gestation/pip0281_12_mask_AA.nii.gz
/home/sn21/localiser/pip/young-gestation/pip0281/202002131533_PHILIPSECA816E_1201_pip5T2ME_2SENSEp1o1.e02.nii.gz,/home/sn21/localiser/pip/young-gestation/pip0281_12_mask_AA.nii.gz
/home/sn21/localiser/pip/young-gestation/pip0281/202002131533_PHILIPSECA816E_1201_pip5T2ME_2SENSEp1o1.e03.nii.gz,/home/sn21/localiser/pip/young-gestation/pip0281_12_mask_AA.nii.gz
/home/sn21/localiser/pip/young-gestation/pip0281/202002131533_PHILIPSECA816E_1201_pip5T2ME_2SENSEp1o1.e04.nii.gz,/home/sn21/localiser/pip/young-gestation/pip0281_12_mask_AA.nii.gz
/home/sn21/localiser/pip/young-gestation/pip0281/202002131533_PHILIPSECA816E_1201_pip5T2ME_2SENSEp1o1.e05.nii.gz,/home/sn21/localiser/pip/young-gestation/pip0281_12_mask_AA.nii.gz
/home/sn21/localiser/pip/young-gestation/pip0289/202003100948_PHILIPSECA816E_1201_pip5T2ME_2SENSEp1o1.e01.nii.gz,/home/sn21/localiser/pip/young-gestation/pip0289_12_mask_AA.nii.gz
/home/sn21/localiser/pip/young-gestation/pip0289/202003100948_PHILIPSECA816E_1201_pip5T2ME_2SENSEp1o1.e02.nii.gz,/home/sn21/localiser/pip/young-gestation/pip0289_12_mask_AA.nii.gz
/home/sn21/localiser/pip/young-gestation/pip0289/202003100948_PHILIPSECA816E_1201_pip5T2ME_2SENSEp1o1.e03.nii.gz,/home/sn21/localiser/pip/young-gestation/pip0289_12_mask_AA.nii.gz
/home/sn21/localiser/pip/young-gestation/pip0289/202003100948_PHILIPSECA816E_1201_pip5T2ME_2SENSEp1o1.e04.nii.gz,/home/sn21/localiser/pip/young-gestation/pip0289_12_mask_AA.nii.gz
/home/sn21/localiser/pip/young-gestation/pip0289/202003100948_PHILIPSECA816E_1201_pip5T2ME_2SENSEp1o1.e05.nii.gz,/home/sn21/localiser/pip/young-gestation/pip0289_12_mask_AA.nii.gz
/home/sn21/localiser/pip/young-gestation/pip0298/298_PIP_202105120951_PHILIPSECA816E_1601_pip5T2ME_3SENSEp1o1.e01.nii.gz,/home/sn21/localiser/pip/young-gestation/pip0298_16_mask_AA.nii.gz
/home/sn21/localiser/pip/young-gestation/pip0298/298_PIP_202105120951_PHILIPSECA816E_1601_pip5T2ME_3SENSEp1o1.e02.nii.gz,/home/sn21/localiser/pip/young-gestation/pip0298_16_mask_AA.nii.gz
/home/sn21/localiser/pip/young-gestation/pip0298/298_PIP_202105120951_PHILIPSECA816E_1601_pip5T2ME_3SENSEp1o1.e03.nii.gz,/home/sn21/localiser/pip/young-gestation/pip0298_16_mask_AA.nii.gz
/home/sn21/localiser/pip/young-gestation/pip0298/298_PIP_202105120951_PHILIPSECA816E_1601_pip5T2ME_3SENSEp1o1.e04.nii.gz,/home/sn21/localiser/pip/young-gestation/pip0298_16_mask_AA.nii.gz
/home/sn21/localiser/pip/young-gestation/pip0298/298_PIP_202105120951_PHILIPSECA816E_1601_pip5T2ME_3SENSEp1o1.e05.nii.gz,/home/sn21/localiser/pip/young-gestation/pip0298_16_mask_AA.nii.gz
/home/sn21/localiser/pip/young-gestation/pip0406/202203141148_PHILIPSECA816E_1301_pip5T2ME_2SENSEp1o1.e01.nii.gz,/home/sn21/localiser/pip/young-gestation/pip0406_13_mask_AA.nii.gz
/home/sn21/localiser/pip/young-gestation/pip0406/202203141148_PHILIPSECA816E_1301_pip5T2ME_2SENSEp1o1.e02.nii.gz,/home/sn21/localiser/pip/young-gestation/pip0406_13_mask_AA.nii.gz
/home/sn21/localiser/pip/young-gestation/pip0406/202203141148_PHILIPSECA816E_1301_pip5T2ME_2SENSEp1o1.e03.nii.gz,/home/sn21/localiser/pip/young-gestation/pip0406_13_mask_AA.nii.gz
/home/sn21/localiser/pip/young-gestation/pip0406/202203141148_PHILIPSECA816E_1301_pip5T2ME_2SENSEp1o1.e04.nii.gz,/home/sn21/localiser/pip/young-gestation/pip0406_13_mask_AA.nii.gz
/home/sn21/localiser/pip/young-gestation/pip0406/202203141148_PHILIPSECA816E_1301_pip5T2ME_2SENSEp1o1.e05.nii.gz,/home/sn21/localiser/pip/young-gestation/pip0406_13_mask_AA.nii.gz
/home/sn21/localiser/pip/young-gestation/pip0422/202205090947_PHILIPSECA816E_1501_pip5T2ME_3_newSENSEp1o1.e01.nii.gz,/home/sn21/localiser/pip/young-gestation/pip0422_15_mask_AA.nii.gz
/home/sn21/localiser/pip/young-gestation/pip0422/202205090947_PHILIPSECA816E_1501_pip5T2ME_3_newSENSEp1o1.e02.nii.gz,/home/sn21/localiser/pip/young-gestation/pip0422_15_mask_AA.nii.gz
/home/sn21/localiser/pip/young-gestation/pip0422/202205090947_PHILIPSECA816E_1501_pip5T2ME_3_newSENSEp1o1.e03.nii.gz,/home/sn21/localiser/pip/young-gestation/pip0422_15_mask_AA.nii.gz
/home/sn21/localiser/pip/young-gestation/pip0422/202205090947_PHILIPSECA816E_1501_pip5T2ME_3_newSENSEp1o1.e04.nii.gz,/home/sn21/localiser/pip/young-gestation/pip0422_15_mask_AA.nii.gz
/home/sn21/localiser/pip/young-gestation/pip0422/202205090947_PHILIPSECA816E_1501_pip5T2ME_3_newSENSEp1o1.e05.nii.gz,/home/sn21/localiser/pip/young-gestation/pip0422_15_mask_AA.nii.gz
/home/sn21/localiser/pip/young-gestation/pip0428/202205190947_PHILIPSECA816E_2201_pip5T2ME_3SENSEp1o1.e01.nii.gz,/home/sn21/localiser/pip/young-gestation/pip0428_22_mask_AA.nii.gz
/home/sn21/localiser/pip/young-gestation/pip0428/202205190947_PHILIPSECA816E_2201_pip5T2ME_3SENSEp1o1.e02.nii.gz,/home/sn21/localiser/pip/young-gestation/pip0428_22_mask_AA.nii.gz
/home/sn21/localiser/pip/young-gestation/pip0428/202205190947_PHILIPSECA816E_2201_pip5T2ME_3SENSEp1o1.e03.nii.gz,/home/sn21/localiser/pip/young-gestation/pip0428_22_mask_AA.nii.gz
/home/sn21/localiser/pip/young-gestation/pip0428/202205190947_PHILIPSECA816E_2201_pip5T2ME_3SENSEp1o1.e04.nii.gz,/home/sn21/localiser/pip/young-gestation/pip0428_22_mask_AA.nii.gz
/home/sn21/localiser/pip/young-gestation/pip0428/202205190947_PHILIPSECA816E_2201_pip5T2ME_3SENSEp1o1.e05.nii.gz,/home/sn21/localiser/pip/young-gestation/pip0428_22_mask_AA.nii.gz
/home/sn21/localiser/pip/young-gestation/pip0431/202205231328_PHILIPSECA816E_1701_pip5T2ME_3SENSEp1o1.e01.nii.gz,/home/sn21/localiser/pip/young-gestation/pip0431_17_mask_AA.nii.gz
/home/sn21/localiser/pip/young-gestation/pip0431/202205231328_PHILIPSECA816E_1701_pip5T2ME_3SENSEp1o1.e02.nii.gz,/home/sn21/localiser/pip/young-gestation/pip0431_17_mask_AA.nii.gz
/home/sn21/localiser/pip/young-gestation/pip0431/202205231328_PHILIPSECA816E_1701_pip5T2ME_3SENSEp1o1.e03.nii.gz,/home/sn21/localiser/pip/young-gestation/pip0431_17_mask_AA.nii.gz
/home/sn21/localiser/pip/young-gestation/pip0431/202205231328_PHILIPSECA816E_1701_pip5T2ME_3SENSEp1o1.e04.nii.gz,/home/sn21/localiser/pip/young-gestation/pip0431_17_mask_AA.nii.gz
/home/sn21/localiser/pip/young-gestation/pip0431/202205231328_PHILIPSECA816E_1701_pip5T2ME_3SENSEp1o1.e05.nii.gz,/home/sn21/localiser/pip/young-gestation/pip0431_17_mask_AA.nii.gz
/home/sn21/localiser/pip/young-gestation/pip0450/202206291448_PHILIPSECA816E_1401_pip5T2ME_2SENSEp1o1.e01.nii.gz,/home/sn21/localiser/pip/young-gestation/pip0450_14_mask_AA.nii.gz
/home/sn21/localiser/pip/young-gestation/pip0450/202206291448_PHILIPSECA816E_1401_pip5T2ME_2SENSEp1o1.e02.nii.gz,/home/sn21/localiser/pip/young-gestation/pip0450_14_mask_AA.nii.gz
/home/sn21/localiser/pip/young-gestation/pip0450/202206291448_PHILIPSECA816E_1401_pip5T2ME_2SENSEp1o1.e03.nii.gz,/home/sn21/localiser/pip/young-gestation/pip0450_14_mask_AA.nii.gz
/home/sn21/localiser/pip/young-gestation/pip0450/202206291448_PHILIPSECA816E_1401_pip5T2ME_2SENSEp1o1.e04.nii.gz,/home/sn21/localiser/pip/young-gestation/pip0450_14_mask_AA.nii.gz
/home/sn21/localiser/pip/young-gestation/pip0450/202206291448_PHILIPSECA816E_1401_pip5T2ME_2SENSEp1o1.e05.nii.gz,/home/sn21/localiser/pip/young-gestation/pip0450_14_mask_AA.nii.gz
/home/sn21/localiser/pip/pip0156/201807261108_PHILIPSECA816E_1401_aslu5T2ME_3SENSEp1o0/201807261108_PHILIPSECA816E_1401_aslu5T2ME_3SENSEp1o0.e01.nii.gz,/home/sn21/localiser/pip/pip0156_14_mask_AA.nii.gz
/home/sn21/localiser/pip/pip0156/201807261108_PHILIPSECA816E_1401_aslu5T2ME_3SENSEp1o0/201807261108_PHILIPSECA816E_1401_aslu5T2ME_3SENSEp1o0.e02.nii.gz,/home/sn21/localiser/pip/pip0156_14_mask_AA.nii.gz
/home/sn21/localiser/pip/pip0156/201807261108_PHILIPSECA816E_1401_aslu5T2ME_3SENSEp1o0/201807261108_PHILIPSECA816E_1401_aslu5T2ME_3SENSEp1o0.e03.nii.gz,/home/sn21/localiser/pip/pip0156_14_mask_AA.nii.gz
/home/sn21/localiser/pip/pip0156/201807261108_PHILIPSECA816E_1401_aslu5T2ME_3SENSEp1o0/201807261108_PHILIPSECA816E_1401_aslu5T2ME_3SENSEp1o0.e04.nii.gz,/home/sn21/localiser/pip/pip0156_14_mask_AA.nii.gz
/home/sn21/localiser/pip/pip0156/201807261108_PHILIPSECA816E_1401_aslu5T2ME_3SENSEp1o0/201807261108_PHILIPSECA816E_1401_aslu5T2ME_3SENSEp1o0.e05.nii.gz,/home/sn21/localiser/pip/pip0156_14_mask_AA.nii.gz
/home/sn21/localiser/pip/young-gestation/pip0484/202209070936_PHILIPSECA816E_1401_pip5T2ME_3SENSEp1o1.e01.nii.gz,/home/sn21/localiser/pip/young-gestation/pip0484_14_mask_AA.nii.gz
/home/sn21/localiser/pip/young-gestation/pip0484/202209070936_PHILIPSECA816E_1401_pip5T2ME_3SENSEp1o1.e02.nii.gz,/home/sn21/localiser/pip/young-gestation/pip0484_14_mask_AA.nii.gz
/home/sn21/localiser/pip/young-gestation/pip0484/202209070936_PHILIPSECA816E_1401_pip5T2ME_3SENSEp1o1.e03.nii.gz,/home/sn21/localiser/pip/young-gestation/pip0484_14_mask_AA.nii.gz
/home/sn21/localiser/pip/young-gestation/pip0484/202209070936_PHILIPSECA816E_1401_pip5T2ME_3SENSEp1o1.e04.nii.gz,/home/sn21/localiser/pip/young-gestation/pip0484_14_mask_AA.nii.gz
/home/sn21/localiser/pip/young-gestation/pip0484/202209070936_PHILIPSECA816E_1401_pip5T2ME_3SENSEp1o1.e05.nii.gz,/home/sn21/localiser/pip/young-gestation/pip0484_14_mask_AA.nii.gz
/home/sn21/localiser/pip/young-gestation/pip0255/201910040935_PHILIPSECA816E_1701_pip5T2ME_2SENSEp1o1.e01.nii.gz,/home/sn21/localiser/pip/young-gestation/pip0255_17_mask_AA.nii.gz
/home/sn21/localiser/pip/young-gestation/pip0255/201910040935_PHILIPSECA816E_1701_pip5T2ME_2SENSEp1o1.e02.nii.gz,/home/sn21/localiser/pip/young-gestation/pip0255_17_mask_AA.nii.gz
/home/sn21/localiser/pip/young-gestation/pip0255/201910040935_PHILIPSECA816E_1701_pip5T2ME_2SENSEp1o1.e03.nii.gz,/home/sn21/localiser/pip/young-gestation/pip0255_17_mask_AA.nii.gz
/home/sn21/localiser/pip/young-gestation/pip0255/201910040935_PHILIPSECA816E_1701_pip5T2ME_2SENSEp1o1.e04.nii.gz,/home/sn21/localiser/pip/young-gestation/pip0255_17_mask_AA.nii.gz
/home/sn21/localiser/pip/young-gestation/pip0255/201910040935_PHILIPSECA816E_1701_pip5T2ME_2SENSEp1o1.e05.nii.gz,/home/sn21/localiser/pip/young-gestation/pip0255_17_mask_AA.nii.gz
